LoksabhaName,VidhansabhaName,LocalUnitName,LocalUnitType,CleanedLoksabhaName,CleanedVidhansabhaName,CleanedLocalUnitName
Jhalawar,Anta,TISAYA,Gram Panchayat,Jhalawar,Anta,Tisaya
Jhalawar,Anta,1,Ward,Jhalawar,Anta,1
Jhalawar,Anta,2,Ward,Jhalawar,Anta,2
Jhalawar,Anta,3,Ward,Jhalawar,Anta,3
Jhalawar,Anta,4,Ward,Jhalawar,Anta,4
Jhalawar,Anta,5,Ward,Jhalawar,Anta,5
Jhalawar,Anta,6,Ward,Jhalawar,Anta,6
Jhalawar,Anta,7,Ward,Jhalawar,Anta,7
Jhalawar,Anta,8,Ward,Jhalawar,Anta,8
Jhalawar,Anta,9,Ward,Jhalawar,Anta,9
Jhalawar,Anta,10,Ward,Jhalawar,Anta,10
Jhalawar,Anta,11,Ward,Jhalawar,Anta,11
Jhalawar,Anta,12,Ward,Jhalawar,Anta,12
Jhalawar,Anta,13,Ward,Jhalawar,Anta,13
Jhalawar,Anta,14,Ward,Jhalawar,Anta,14
Jhalawar,Anta,15,Ward,Jhalawar,Anta,15
Jhalawar,Anta,16,Ward,Jhalawar,Anta,16
Jhalawar,Anta,17,Ward,Jhalawar,Anta,17
Jhalawar,Anta,18,Ward,Jhalawar,Anta,18
Jhalawar,Anta,19,Ward,Jhalawar,Anta,19
Jhalawar,Anta,20,Ward,Jhalawar,Anta,20
Jhalawar,Anta,21,Ward,Jhalawar,Anta,21
Jhalawar,Anta,22,Ward,Jhalawar,Anta,22
Jhalawar,Anta,23,Ward,Jhalawar,Anta,23
Jhalawar,Anta,24,Ward,Jhalawar,Anta,24
Jhalawar,Anta,25,Ward,Jhalawar,Anta,25
Jhalawar,Anta,26,Ward,Jhalawar,Anta,26
Jhalawar,Anta,27,Ward,Jhalawar,Anta,27
Jhalawar,Anta,28,Ward,Jhalawar,Anta,28
Jhalawar,Anta,29,Ward,Jhalawar,Anta,29
Jhalawar,Anta,30,Ward,Jhalawar,Anta,30
Jhalawar,Anta,31,Ward,Jhalawar,Anta,31
Jhalawar,Anta,32,Ward,Jhalawar,Anta,32
Jhalawar,Anta,33,Ward,Jhalawar,Anta,33
Jhalawar,Anta,34,Ward,Jhalawar,Anta,34
Jhalawar,Anta,35,Ward,Jhalawar,Anta,35
Tonk-Sawaimadhopur,Sawai Madhopur,Gambheera,Gram Panchayat,Tonk-Sawaimadhopur,Sawai Madhopur,Gambheera
Jaipur Rural,Phulera,SRI RAM PURA,Gram Panchayat,Jaipur Rural,Phulera,Sri Ram Pura
Jaipur Rural,Phulera,CHAIN PURA,Gram Panchayat,Jaipur Rural,Phulera,Chain Pura
Jaipur Rural,Phulera,1,Ward,Jaipur Rural,Phulera,1
Jaipur Rural,Phulera,2,Ward,Jaipur Rural,Phulera,2
Jaipur Rural,Phulera,3,Ward,Jaipur Rural,Phulera,3
Jaipur Rural,Phulera,4,Ward,Jaipur Rural,Phulera,4
Jaipur Rural,Phulera,5,Ward,Jaipur Rural,Phulera,5
Jaipur Rural,Phulera,6,Ward,Jaipur Rural,Phulera,6
Jaipur Rural,Phulera,7,Ward,Jaipur Rural,Phulera,7
Jaipur Rural,Phulera,8,Ward,Jaipur Rural,Phulera,8
Jaipur Rural,Phulera,9,Ward,Jaipur Rural,Phulera,9
Jaipur Rural,Phulera,10,Ward,Jaipur Rural,Phulera,10
Jaipur Rural,Phulera,11,Ward,Jaipur Rural,Phulera,11
Jaipur Rural,Phulera,12,Ward,Jaipur Rural,Phulera,12
Jaipur Rural,Phulera,13,Ward,Jaipur Rural,Phulera,13
Jaipur Rural,Phulera,14,Ward,Jaipur Rural,Phulera,14
Jaipur Rural,Phulera,15,Ward,Jaipur Rural,Phulera,15
Jaipur Rural,Phulera,16,Ward,Jaipur Rural,Phulera,16
Jaipur Rural,Phulera,17,Ward,Jaipur Rural,Phulera,17
Jaipur Rural,Phulera,18,Ward,Jaipur Rural,Phulera,18
Jaipur Rural,Phulera,19,Ward,Jaipur Rural,Phulera,19
Jaipur Rural,Phulera,20,Ward,Jaipur Rural,Phulera,20
Jaipur Rural,Phulera,21,Ward,Jaipur Rural,Phulera,21
Jaipur Rural,Phulera,22,Ward,Jaipur Rural,Phulera,22
Jaipur Rural,Phulera,23,Ward,Jaipur Rural,Phulera,23
Jaipur Rural,Phulera,24,Ward,Jaipur Rural,Phulera,24
Jaipur Rural,Phulera,25,Ward,Jaipur Rural,Phulera,25
Jaipur Rural,Phulera,1,Ward,Jaipur Rural,Phulera,1
Jaipur Rural,Phulera,2,Ward,Jaipur Rural,Phulera,2
Jaipur Rural,Phulera,3,Ward,Jaipur Rural,Phulera,3
Jaipur Rural,Phulera,4,Ward,Jaipur Rural,Phulera,4
Jaipur Rural,Phulera,5,Ward,Jaipur Rural,Phulera,5
Jaipur Rural,Phulera,6,Ward,Jaipur Rural,Phulera,6
Jaipur Rural,Phulera,7,Ward,Jaipur Rural,Phulera,7
Jaipur Rural,Phulera,8,Ward,Jaipur Rural,Phulera,8
Jaipur Rural,Phulera,9,Ward,Jaipur Rural,Phulera,9
Jaipur Rural,Phulera,10,Ward,Jaipur Rural,Phulera,10
Jaipur Rural,Phulera,11,Ward,Jaipur Rural,Phulera,11
Jaipur Rural,Phulera,12,Ward,Jaipur Rural,Phulera,12
Jaipur Rural,Phulera,13,Ward,Jaipur Rural,Phulera,13
Jaipur Rural,Phulera,14,Ward,Jaipur Rural,Phulera,14
Jaipur Rural,Phulera,15,Ward,Jaipur Rural,Phulera,15
Jaipur Rural,Phulera,16,Ward,Jaipur Rural,Phulera,16
Jaipur Rural,Phulera,17,Ward,Jaipur Rural,Phulera,17
Jaipur Rural,Phulera,18,Ward,Jaipur Rural,Phulera,18
Jaipur Rural,Phulera,19,Ward,Jaipur Rural,Phulera,19
Jaipur Rural,Phulera,20,Ward,Jaipur Rural,Phulera,20
Jaipur Rural,Phulera,21,Ward,Jaipur Rural,Phulera,21
Jaipur Rural,Phulera,22,Ward,Jaipur Rural,Phulera,22
Jaipur Rural,Phulera,23,Ward,Jaipur Rural,Phulera,23
Jaipur Rural,Phulera,24,Ward,Jaipur Rural,Phulera,24
Jaipur Rural,Phulera,25,Ward,Jaipur Rural,Phulera,25
Jaipur Rural,Bansur,BAHRAM KA BAS,Gram Panchayat,Jaipur Rural,Bansur,Bahram Ka Bas
Jaipur Rural,Bansur,TOORANA,Gram Panchayat,Jaipur Rural,Bansur,Toorana
Jaipur Rural,Bansur,BAMANWAS KANKAR,Gram Panchayat,Jaipur Rural,Bansur,Bamanwas Kankar
Jaipur Rural,Bansur,GARHI,Gram Panchayat,Jaipur Rural,Bansur,Garhi
Jaipur Rural,Bansur,KOLAHERA,Gram Panchayat,Jaipur Rural,Bansur,Kolahera
Jaipur Rural,Bansur,MUNDAWARA,Gram Panchayat,Jaipur Rural,Bansur,Mundawara
Alwar,Alwar Rural,BAHADURPUR PATTI JORIYA,Gram Panchayat,Alwar,Alwar Rural,Bahadurpur Patti Joriya
Alwar,Alwar Rural,BHANDWARA,Gram Panchayat,Alwar,Alwar Rural,Bhandwara
Alwar,Alwar Rural,MADHO GARH,Gram Panchayat,Alwar,Alwar Rural,Madho Garh
Alwar,Rajgarh Laxmangarh,ALEI,Gram Panchayat,Alwar,Rajgarh Laxmangarh,Alei
Alwar,Rajgarh Laxmangarh,BHAJERA,Gram Panchayat,Alwar,Rajgarh Laxmangarh,Bhajera
Alwar,Rajgarh Laxmangarh,DOROLI,Gram Panchayat,Alwar,Rajgarh Laxmangarh,Doroli
Alwar,Rajgarh Laxmangarh,FIROZPUR JAGEER,Gram Panchayat,Alwar,Rajgarh Laxmangarh,Firozpur Jageer
Alwar,Rajgarh Laxmangarh,PATAN,Gram Panchayat,Alwar,Rajgarh Laxmangarh,Patan
Alwar,Rajgarh Laxmangarh,VABELI,Gram Panchayat,Alwar,Rajgarh Laxmangarh,Vabeli
Alwar,Rajgarh Laxmangarh,CHHILODI,Gram Panchayat,Alwar,Rajgarh Laxmangarh,Chhilodi
Alwar,Rajgarh Laxmangarh,PARBAINI,Gram Panchayat,Alwar,Rajgarh Laxmangarh,Parbaini
Alwar,Tijara,BHINDOOSI,Gram Panchayat,Alwar,Tijara,Bhindoosi
Alwar,Tijara,CHOPANKI,Gram Panchayat,Alwar,Tijara,Chopanki
Alwar,Tijara,GUWALDA,Gram Panchayat,Alwar,Tijara,Guwalda
Alwar,Tijara,HASANPUR MAFI,Gram Panchayat,Alwar,Tijara,Hasanpur Mafi
Alwar,Tijara,Jojaka,Gram Panchayat,Alwar,Tijara,Jojaka
Alwar,Tijara,JORIYA MEV,Gram Panchayat,Alwar,Tijara,Joriya Mev
Alwar,Tijara,Kamalpur,Gram Panchayat,Alwar,Tijara,Kamalpur
Alwar,Tijara,RAI KHERA,Gram Panchayat,Alwar,Tijara,Rai Khera
Alwar,Tijara,ROOPBAS,Gram Panchayat,Alwar,Tijara,Roopbas
Alwar,Tijara,SALARPUR,Gram Panchayat,Alwar,Tijara,Salarpur
Alwar,Tijara,VIRAMPUR,Gram Panchayat,Alwar,Tijara,Virampur
Banswara,Chorasi,BALWANIYA,Gram Panchayat,Banswara,Chorasi,Balwaniya
Banswara,Chorasi,BHEELWA PANCHELA,Gram Panchayat,Banswara,Chorasi,Bheelwa Panchela
Banswara,Chorasi,BHINDA,Gram Panchayat,Banswara,Chorasi,Bhinda
Banswara,Chorasi,CHARWARA,Gram Panchayat,Banswara,Chorasi,Charwara
Banswara,Chorasi,CHAUKI,Gram Panchayat,Banswara,Chorasi,Chauki
Banswara,Chorasi,DOL KUNJELA,Gram Panchayat,Banswara,Chorasi,Dol Kunjela
Banswara,Chorasi,GANDHWA,Gram Panchayat,Banswara,Chorasi,Gandhwa
Banswara,Chorasi,GORADA,Gram Panchayat,Banswara,Chorasi,Gorada
Banswara,Chorasi,HADMATIYA,Gram Panchayat,Banswara,Chorasi,Hadmatiya
Banswara,Chorasi,JHONTRI,Gram Panchayat,Banswara,Chorasi,Jhontri
Banswara,Chorasi,KHARWAR KHUNIAN,Gram Panchayat,Banswara,Chorasi,Kharwar Khunian
Banswara,Chorasi,MAL,Gram Panchayat,Banswara,Chorasi,Mal
Banswara,Chorasi,MANDALI UPALI,Gram Panchayat,Banswara,Chorasi,Mandali Upali
Banswara,Chorasi,NEGALA,Gram Panchayat,Banswara,Chorasi,Negala
Banswara,Chorasi,PADLI GUJARESHWAR,Gram Panchayat,Banswara,Chorasi,Padli Gujareshwar
Banswara,Chorasi,POHARI KHATURAT,Gram Panchayat,Banswara,Chorasi,Pohari Khaturat
Banswara,Chorasi,POHRI PATELAN,Gram Panchayat,Banswara,Chorasi,Pohri Patelan
Banswara,Chorasi,RODA,Gram Panchayat,Banswara,Chorasi,Roda
Banswara,Chorasi,SANSARPUR,Gram Panchayat,Banswara,Chorasi,Sansarpur
Banswara,Chorasi,SURATA,Gram Panchayat,Banswara,Chorasi,Surata
Banswara,Chorasi,VANIYA TALAB,Gram Panchayat,Banswara,Chorasi,Vaniya Talab
Banswara,Chorasi,VENJA,Gram Panchayat,Banswara,Chorasi,Venja
Banswara,Chorasi,BANKRA,Gram Panchayat,Banswara,Chorasi,Bankra
Banswara,Chorasi,BANSIYA,Gram Panchayat,Banswara,Chorasi,Bansiya
Banswara,Chorasi,BEDSA,Gram Panchayat,Banswara,Chorasi,Bedsa
Banswara,Chorasi,BHACHDIYA,Gram Panchayat,Banswara,Chorasi,Bhachdiya
Banswara,Chorasi,BHADAR,Gram Panchayat,Banswara,Chorasi,Bhadar
Banswara,Chorasi,BHANDARI,Gram Panchayat,Banswara,Chorasi,Bhandari
Banswara,Chorasi,BODAMALI,Gram Panchayat,Banswara,Chorasi,Bodamali
Banswara,Chorasi,CHADOLI,Gram Panchayat,Banswara,Chorasi,Chadoli
Banswara,Chorasi,DHAMBOLA,Gram Panchayat,Banswara,Chorasi,Dhambola
Banswara,Chorasi,DHODHRA,Gram Panchayat,Banswara,Chorasi,Dhodhra
Banswara,Chorasi,DUNKA,Gram Panchayat,Banswara,Chorasi,Dunka
Banswara,Chorasi,GADA PATTA PEETH,Gram Panchayat,Banswara,Chorasi,Gada Patta Peeth
Banswara,Chorasi,GARA VATESHWAR,Gram Panchayat,Banswara,Chorasi,Gara Vateshwar
Banswara,Chorasi,GHUVED,Gram Panchayat,Banswara,Chorasi,Ghuved
Banswara,Chorasi,GORA GOKAL,Gram Panchayat,Banswara,Chorasi,Gora Gokal
Banswara,Chorasi,JHALAI,Gram Panchayat,Banswara,Chorasi,Jhalai
Banswara,Chorasi,JHALAP,Gram Panchayat,Banswara,Chorasi,Jhalap
Banswara,Chorasi,JHARNI,Gram Panchayat,Banswara,Chorasi,Jharni
Banswara,Chorasi,JORAWARPURA,Gram Panchayat,Banswara,Chorasi,Jorawarpura
Banswara,Chorasi,KANBA,Gram Panchayat,Banswara,Chorasi,Kanba
Banswara,Chorasi,keshapura,Gram Panchayat,Banswara,Chorasi,Keshapura
Banswara,Chorasi,KHARPEDA,Gram Panchayat,Banswara,Chorasi,Kharpeda
Banswara,Chorasi,LIKHI BADI,Gram Panchayat,Banswara,Chorasi,Likhi Badi
Banswara,Chorasi,MALA KHOLDA,Gram Panchayat,Banswara,Chorasi,Mala Kholda
Banswara,Chorasi,MANA KA DEV,Gram Panchayat,Banswara,Chorasi,Mana Ka Dev
Banswara,Chorasi,MANDLI,Gram Panchayat,Banswara,Chorasi,Mandli
Banswara,Chorasi,MEDLA,Gram Panchayat,Banswara,Chorasi,Medla
Banswara,Chorasi,MEWDA,Gram Panchayat,Banswara,Chorasi,Mewda
Banswara,Chorasi,NAGRIA PANCHELA,Gram Panchayat,Banswara,Chorasi,Nagria Panchela
Banswara,Chorasi,NITHAUWA,Gram Panchayat,Banswara,Chorasi,Nithauwa
Banswara,Chorasi,PEETH,Gram Panchayat,Banswara,Chorasi,Peeth
Banswara,Chorasi,RAMSOR JUNA,Gram Panchayat,Banswara,Chorasi,Ramsor Juna
Banswara,Chorasi,RASTA,Gram Panchayat,Banswara,Chorasi,Rasta
Banswara,Chorasi,RATANPURA,Gram Panchayat,Banswara,Chorasi,Ratanpura
Banswara,Chorasi,SADRIYA,Gram Panchayat,Banswara,Chorasi,Sadriya
Banswara,Chorasi,SAKARSI,Gram Panchayat,Banswara,Chorasi,Sakarsi
Banswara,Chorasi,SARTHUNA,Gram Panchayat,Banswara,Chorasi,Sarthuna
Banswara,Chorasi,SHITHAL,Gram Panchayat,Banswara,Chorasi,Shithal
Banswara,Chorasi,SIMALWARA,Gram Panchayat,Banswara,Chorasi,Simalwara
Banswara,Chorasi,SUJA TALAI,Gram Panchayat,Banswara,Chorasi,Suja Talai
Banswara,Chorasi,THAM KA TALAB,Gram Panchayat,Banswara,Chorasi,Tham Ka Talab
Banswara,Chorasi,UPLA RASTA,Gram Panchayat,Banswara,Chorasi,Upla Rasta
Banswara,Sagwara,GALIYAKOAT,Gram Panchayat,Banswara,Sagwara,Galiyakoat
Banswara,Kushalgarh,UKALA,Gram Panchayat,Banswara,Kushalgarh,Ukala
Banswara,Kushalgarh,MASKA KALAN,Gram Panchayat,Banswara,Kushalgarh,Maska Kalan
Banswara,Kushalgarh,MASKA KALAN,Gram Panchayat,Banswara,Kushalgarh,Maska Kalan
Dausa,Bandikui,ABHANERI,Gram Panchayat,Dausa,Bandikui,Abhaneri
Dausa,Bandikui,BADIYAL KHURD,Gram Panchayat,Dausa,Bandikui,Badiyal Khurd
Dausa,Bandikui,BHANDEDA,Gram Panchayat,Dausa,Bandikui,Bhandeda
Dausa,Bandikui,CHOBADIWLA,Gram Panchayat,Dausa,Bandikui,Chobadiwla
Dausa,Bandikui,KEERATPURA,Gram Panchayat,Dausa,Bandikui,Keeratpura
Dausa,Bandikui,KOLANA,Gram Panchayat,Dausa,Bandikui,Kolana
Dausa,Bandikui,LILOJ,Gram Panchayat,Dausa,Bandikui,Liloj
Dausa,Bandikui,BEDHADI MEENAN,Gram Panchayat,Dausa,Bandikui,Bedhadi Meenan
Dausa,Bandikui,BHANDEDA,Gram Panchayat,Dausa,Bandikui,Bhandeda
Dausa,Bandikui,LOTWARA,Gram Panchayat,Dausa,Bandikui,Lotwara
Dausa,Bassi,UGAWAS,Gram Panchayat,Dausa,Bassi,Ugawas
Dausa,Bassi,NARPATPURA HARIPURA,Gram Panchayat,Dausa,Bassi,Narpatpura Haripura
Dausa,Chaksu,ANANDPURA,Gram Panchayat,Dausa,Chaksu,Anandpura
Dausa,Chaksu,BADODIYA,Gram Panchayat,Dausa,Chaksu,Badodiya
Dausa,Chaksu,BHOJYARA,Gram Panchayat,Dausa,Chaksu,Bhojyara
Dausa,Chaksu,NIMODIYA,Gram Panchayat,Dausa,Chaksu,Nimodiya
Dausa,Chaksu,RAM NAGAR,Gram Panchayat,Dausa,Chaksu,Ram Nagar
Dausa,Dausa,BHANDANA,Gram Panchayat,Dausa,Dausa,Bhandana
Dausa,Dausa,KHANWAS,Gram Panchayat,Dausa,Dausa,Khanwas
Dausa,Dausa,SINGWARA,Gram Panchayat,Dausa,Dausa,Singwara
Dausa,Dausa,THIKARIYA,Gram Panchayat,Dausa,Dausa,Thikariya
Dausa,Dausa,BAPI,Gram Panchayat,Dausa,Dausa,Bapi
Dausa,Lalsot,MAHARAJPURA,Gram Panchayat,Dausa,Lalsot,Maharajpura
Dausa,Lalsot,PATTI KISHORPURA,Gram Panchayat,Dausa,Lalsot,Patti Kishorpura
Dausa,Lalsot,DOB,Gram Panchayat,Dausa,Lalsot,Dob
Dausa,Lalsot,KHERLAKHURD,Gram Panchayat,Dausa,Lalsot,Kherlakhurd
Dausa,Lalsot,RATANPURA,Gram Panchayat,Dausa,Lalsot,Ratanpura
Banswara,Garhi,MOR,Gram Panchayat,Banswara,Garhi,Mor
Banswara,Garhi,SAGWADIYA,Gram Panchayat,Banswara,Garhi,Sagwadiya
Banswara,Ghatol,BORDA,Gram Panchayat,Banswara,Ghatol,Borda
Banswara,Ghatol,CHHARI,Gram Panchayat,Banswara,Ghatol,Chhari
Dausa,Thanagazi,RAJOR,Gram Panchayat,Dausa,Thanagazi,Rajor
Dausa,Thanagazi,ALEI,Gram Panchayat,Dausa,Thanagazi,Alei
Dausa,Thanagazi,BALDEOGARH,Gram Panchayat,Dausa,Thanagazi,Baldeogarh
Dausa,Thanagazi,KOONDLA,Gram Panchayat,Dausa,Thanagazi,Koondla
Dausa,Thanagazi,BALDEOGARH,Gram Panchayat,Dausa,Thanagazi,Baldeogarh
Dausa,Thanagazi,BIRKARI,Gram Panchayat,Dausa,Thanagazi,Birkari
Dausa,Thanagazi,DUBBI,Gram Panchayat,Dausa,Thanagazi,Dubbi
Dausa,Thanagazi,Ghewar,Gram Panchayat,Dausa,Thanagazi,Ghewar
Dausa,Thanagazi,GOLA KA BAS,Gram Panchayat,Dausa,Thanagazi,Gola Ka Bas
Dausa,Thanagazi,KOONDLA,Gram Panchayat,Dausa,Thanagazi,Koondla
Dausa,Thanagazi,Nandu,Gram Panchayat,Dausa,Thanagazi,Nandu
Dausa,Thanagazi,NEEMLA,Gram Panchayat,Dausa,Thanagazi,Neemla
Dausa,Thanagazi,RAJOR,Gram Panchayat,Dausa,Thanagazi,Rajor
Dausa,Thanagazi,SHRI CHANDPURA,Gram Panchayat,Dausa,Thanagazi,Shri Chandpura
Dausa,Thanagazi,TAHLA,Gram Panchayat,Dausa,Thanagazi,Tahla
Dausa,Thanagazi,TALAB,Gram Panchayat,Dausa,Thanagazi,Talab
Dausa,Sikrai,ACHALPURA,Gram Panchayat,Dausa,Sikrai,Achalpura
Dausa,Mahuwa,LOTWARA,Gram Panchayat,Dausa,Mahuwa,Lotwara
Tonk-Sawaimadhopur,Khandar,KHANDEWALA,Gram Panchayat,Tonk-Sawaimadhopur,Khandar,Khandewala
Tonk-Sawaimadhopur,Khandar,RAMRI,Gram Panchayat,Tonk-Sawaimadhopur,Khandar,Ramri
Dholpur-Karauli,Bari,MARHOLI,Gram Panchayat,Dholpur-Karauli,Bari,Marholi
Dholpur-Karauli,Baseri,Nidhara,Gram Panchayat,Dholpur-Karauli,Baseri,Nidhara
Dholpur-Karauli,Rajakhera,BIPARPUR,Gram Panchayat,Dholpur-Karauli,Rajakhera,Biparpur
Dholpur-Karauli,Hindaun,KASANE KA NAGAL,Gram Panchayat,Dholpur-Karauli,Hindaun,Kasane Ka Nagal
Dholpur-Karauli,Hindaun,MILKIPURA,Gram Panchayat,Dholpur-Karauli,Hindaun,Milkipura
Dholpur-Karauli,Karauli,CHAINPUR GADHOLI,Gram Panchayat,Dholpur-Karauli,Karauli,Chainpur Gadholi
Dholpur-Karauli,Karauli,CHAINPUR WARRIYA,Gram Panchayat,Dholpur-Karauli,Karauli,Chainpur Warriya
Dholpur-Karauli,Karauli,FATEHPUR,Gram Panchayat,Dholpur-Karauli,Karauli,Fatehpur
Dholpur-Karauli,Karauli,RAMPUR,Gram Panchayat,Dholpur-Karauli,Karauli,Rampur
Dholpur-Karauli,Karauli,NARAYANA,Gram Panchayat,Dholpur-Karauli,Karauli,Narayana
Dholpur-Karauli,Karauli,PIPRANI,Gram Panchayat,Dholpur-Karauli,Karauli,Piprani
Dholpur-Karauli,Karauli,RAMPUR,Gram Panchayat,Dholpur-Karauli,Karauli,Rampur
Dholpur-Karauli,Karauli,RATIYAPURA,Gram Panchayat,Dholpur-Karauli,Karauli,Ratiyapura
Dholpur-Karauli,Karauli,RUNDHPURA,Gram Panchayat,Dholpur-Karauli,Karauli,Rundhpura
Dholpur-Karauli,Karauli,SEELOTI,Gram Panchayat,Dholpur-Karauli,Karauli,Seeloti
Dholpur-Karauli,Sapotra,NIBHAIRA,Gram Panchayat,Dholpur-Karauli,Sapotra,Nibhaira
Dholpur-Karauli,Sapotra,GADI KA GAON,Gram Panchayat,Dholpur-Karauli,Sapotra,Gadi Ka Gaon
Dholpur-Karauli,Sapotra,KARANPUR,Gram Panchayat,Dholpur-Karauli,Sapotra,Karanpur
Dholpur-Karauli,Sapotra,TODA,Gram Panchayat,Dholpur-Karauli,Sapotra,Toda
Bharatpur,Bayana,ODEL GADDI,Gram Panchayat,Bharatpur,Bayana,Odel Gaddi
Bharatpur,Bayana,ALIPUR,Gram Panchayat,Bharatpur,Bayana,Alipur
Bharatpur,Bayana,1,Ward,Bharatpur,Bayana,1
Bharatpur,Bayana,2,Ward,Bharatpur,Bayana,2
Bharatpur,Bayana,3,Ward,Bharatpur,Bayana,3
Bharatpur,Bayana,4,Ward,Bharatpur,Bayana,4
Bharatpur,Bayana,5,Ward,Bharatpur,Bayana,5
Bharatpur,Bayana,6,Ward,Bharatpur,Bayana,6
Bharatpur,Bayana,7,Ward,Bharatpur,Bayana,7
Bharatpur,Bayana,8,Ward,Bharatpur,Bayana,8
Bharatpur,Bayana,9,Ward,Bharatpur,Bayana,9
Bharatpur,Bayana,10,Ward,Bharatpur,Bayana,10
Bharatpur,Bayana,11,Ward,Bharatpur,Bayana,11
Bharatpur,Bayana,12,Ward,Bharatpur,Bayana,12
Bharatpur,Bayana,13,Ward,Bharatpur,Bayana,13
Bharatpur,Bayana,14,Ward,Bharatpur,Bayana,14
Bharatpur,Bayana,15,Ward,Bharatpur,Bayana,15
Bharatpur,Bayana,16,Ward,Bharatpur,Bayana,16
Bharatpur,Bayana,17,Ward,Bharatpur,Bayana,17
Bharatpur,Bayana,18,Ward,Bharatpur,Bayana,18
Bharatpur,Bayana,19,Ward,Bharatpur,Bayana,19
Bharatpur,Bayana,20,Ward,Bharatpur,Bayana,20
Bharatpur,Bayana,21,Ward,Bharatpur,Bayana,21
Bharatpur,Bayana,22,Ward,Bharatpur,Bayana,22
Bharatpur,Bayana,23,Ward,Bharatpur,Bayana,23
Bharatpur,Bayana,24,Ward,Bharatpur,Bayana,24
Bharatpur,Bayana,25,Ward,Bharatpur,Bayana,25
Bharatpur,Weir,ALIPUR,Gram Panchayat,Bharatpur,Weir,Alipur
Bharatpur,Weir,1,Ward,Bharatpur,Weir,1
Bharatpur,Weir,2,Ward,Bharatpur,Weir,2
Bharatpur,Weir,3,Ward,Bharatpur,Weir,3
Bharatpur,Weir,4,Ward,Bharatpur,Weir,4
Bharatpur,Weir,5,Ward,Bharatpur,Weir,5
Bharatpur,Weir,6,Ward,Bharatpur,Weir,6
Bharatpur,Weir,7,Ward,Bharatpur,Weir,7
Bharatpur,Weir,8,Ward,Bharatpur,Weir,8
Bharatpur,Weir,9,Ward,Bharatpur,Weir,9
Bharatpur,Weir,10,Ward,Bharatpur,Weir,10
Bharatpur,Weir,11,Ward,Bharatpur,Weir,11
Bharatpur,Weir,12,Ward,Bharatpur,Weir,12
Bharatpur,Weir,13,Ward,Bharatpur,Weir,13
Bharatpur,Weir,14,Ward,Bharatpur,Weir,14
Bharatpur,Weir,15,Ward,Bharatpur,Weir,15
Bharatpur,Weir,16,Ward,Bharatpur,Weir,16
Bharatpur,Weir,17,Ward,Bharatpur,Weir,17
Bharatpur,Weir,18,Ward,Bharatpur,Weir,18
Bharatpur,Weir,19,Ward,Bharatpur,Weir,19
Bharatpur,Weir,20,Ward,Bharatpur,Weir,20
Bharatpur,Weir,21,Ward,Bharatpur,Weir,21
Bharatpur,Weir,22,Ward,Bharatpur,Weir,22
Bharatpur,Weir,23,Ward,Bharatpur,Weir,23
Bharatpur,Weir,24,Ward,Bharatpur,Weir,24
Bharatpur,Weir,25,Ward,Bharatpur,Weir,25
Bharatpur,Kaman,SABLANA,Gram Panchayat,Bharatpur,Kaman,Sablana
Bharatpur,Kaman,SONOKHAR,Gram Panchayat,Bharatpur,Kaman,Sonokhar
Bharatpur,Kaman,SAHEDA,Gram Panchayat,Bharatpur,Kaman,Saheda
Bharatpur,Kaman,CHHAPRA,Gram Panchayat,Bharatpur,Kaman,Chhapra
Bharatpur,Nadbai,KHADERA,Gram Panchayat,Bharatpur,Nadbai,Khadera
Bharatpur,Nadbai,SADPURA,Gram Panchayat,Bharatpur,Nadbai,Sadpura
Bharatpur,Deeg Kumher,BAILARA KALAN,Gram Panchayat,Bharatpur,Deeg Kumher,Bailara Kalan
Bharatpur,Deeg Kumher,1,Ward,Bharatpur,Deeg Kumher,1
Bharatpur,Deeg Kumher,2,Ward,Bharatpur,Deeg Kumher,2
Bharatpur,Deeg Kumher,3,Ward,Bharatpur,Deeg Kumher,3
Bharatpur,Deeg Kumher,4,Ward,Bharatpur,Deeg Kumher,4
Bharatpur,Deeg Kumher,5,Ward,Bharatpur,Deeg Kumher,5
Bharatpur,Deeg Kumher,6,Ward,Bharatpur,Deeg Kumher,6
Bharatpur,Deeg Kumher,7,Ward,Bharatpur,Deeg Kumher,7
Bharatpur,Deeg Kumher,8,Ward,Bharatpur,Deeg Kumher,8
Bharatpur,Deeg Kumher,9,Ward,Bharatpur,Deeg Kumher,9
Bharatpur,Deeg Kumher,10,Ward,Bharatpur,Deeg Kumher,10
Bharatpur,Deeg Kumher,11,Ward,Bharatpur,Deeg Kumher,11
Bharatpur,Deeg Kumher,12,Ward,Bharatpur,Deeg Kumher,12
Bharatpur,Deeg Kumher,13,Ward,Bharatpur,Deeg Kumher,13
Bharatpur,Deeg Kumher,14,Ward,Bharatpur,Deeg Kumher,14
Bharatpur,Deeg Kumher,15,Ward,Bharatpur,Deeg Kumher,15
Bharatpur,Deeg Kumher,16,Ward,Bharatpur,Deeg Kumher,16
Bharatpur,Deeg Kumher,17,Ward,Bharatpur,Deeg Kumher,17
Bharatpur,Deeg Kumher,18,Ward,Bharatpur,Deeg Kumher,18
Bharatpur,Deeg Kumher,19,Ward,Bharatpur,Deeg Kumher,19
Bharatpur,Deeg Kumher,20,Ward,Bharatpur,Deeg Kumher,20
Bharatpur,Deeg Kumher,21,Ward,Bharatpur,Deeg Kumher,21
Bharatpur,Deeg Kumher,22,Ward,Bharatpur,Deeg Kumher,22
Bharatpur,Deeg Kumher,23,Ward,Bharatpur,Deeg Kumher,23
Bharatpur,Deeg Kumher,24,Ward,Bharatpur,Deeg Kumher,24
Bharatpur,Deeg Kumher,25,Ward,Bharatpur,Deeg Kumher,25
Bharatpur,Nagar,BERRU,Gram Panchayat,Bharatpur,Nagar,Berru
Bharatpur,Nagar,JALALPUR,Gram Panchayat,Bharatpur,Nagar,Jalalpur
Bharatpur,Nagar,RAIPUR SUKETI,Gram Panchayat,Bharatpur,Nagar,Raipur Suketi
Bharatpur,Kathumar,KALWARI,Gram Panchayat,Bharatpur,Kathumar,Kalwari
Bharatpur,Kathumar,Nangal Roopa,Gram Panchayat,Bharatpur,Kathumar,Nangal Roopa
Chittorgarh,Chittorgarh,BIJAIPUR,Gram Panchayat,Chittorgarh,Chittorgarh,Bijaipur
Chittorgarh,Begun,GOPAL PURA,Gram Panchayat,Chittorgarh,Begun,Gopal Pura
Chittorgarh,Begun,1,Ward,Chittorgarh,Begun,1
Chittorgarh,Begun,2,Ward,Chittorgarh,Begun,2
Chittorgarh,Begun,3,Ward,Chittorgarh,Begun,3
Chittorgarh,Begun,4,Ward,Chittorgarh,Begun,4
Chittorgarh,Begun,5,Ward,Chittorgarh,Begun,5
Chittorgarh,Begun,6,Ward,Chittorgarh,Begun,6
Chittorgarh,Begun,7,Ward,Chittorgarh,Begun,7
Chittorgarh,Begun,8,Ward,Chittorgarh,Begun,8
Chittorgarh,Begun,9,Ward,Chittorgarh,Begun,9
Chittorgarh,Begun,10,Ward,Chittorgarh,Begun,10
Chittorgarh,Begun,11,Ward,Chittorgarh,Begun,11
Chittorgarh,Begun,12,Ward,Chittorgarh,Begun,12
Chittorgarh,Begun,13,Ward,Chittorgarh,Begun,13
Chittorgarh,Begun,14,Ward,Chittorgarh,Begun,14
Chittorgarh,Begun,15,Ward,Chittorgarh,Begun,15
Chittorgarh,Begun,16,Ward,Chittorgarh,Begun,16
Chittorgarh,Begun,17,Ward,Chittorgarh,Begun,17
Chittorgarh,Begun,18,Ward,Chittorgarh,Begun,18
Chittorgarh,Begun,19,Ward,Chittorgarh,Begun,19
Chittorgarh,Begun,20,Ward,Chittorgarh,Begun,20
Chittorgarh,Begun,21,Ward,Chittorgarh,Begun,21
Chittorgarh,Begun,22,Ward,Chittorgarh,Begun,22
Chittorgarh,Begun,23,Ward,Chittorgarh,Begun,23
Chittorgarh,Begun,24,Ward,Chittorgarh,Begun,24
Chittorgarh,Begun,25,Ward,Chittorgarh,Begun,25
Chittorgarh,Bari Sadri,BHATOLI,Gram Panchayat,Chittorgarh,Bari Sadri,Bhatoli
Chittorgarh,Nimbahera,1,Ward,Chittorgarh,Nimbahera,1
Chittorgarh,Nimbahera,2,Ward,Chittorgarh,Nimbahera,2
Chittorgarh,Nimbahera,3,Ward,Chittorgarh,Nimbahera,3
Chittorgarh,Nimbahera,4,Ward,Chittorgarh,Nimbahera,4
Chittorgarh,Nimbahera,5,Ward,Chittorgarh,Nimbahera,5
Chittorgarh,Nimbahera,6,Ward,Chittorgarh,Nimbahera,6
Chittorgarh,Nimbahera,7,Ward,Chittorgarh,Nimbahera,7
Chittorgarh,Nimbahera,8,Ward,Chittorgarh,Nimbahera,8
Chittorgarh,Nimbahera,9,Ward,Chittorgarh,Nimbahera,9
Chittorgarh,Nimbahera,10,Ward,Chittorgarh,Nimbahera,10
Chittorgarh,Nimbahera,11,Ward,Chittorgarh,Nimbahera,11
Chittorgarh,Nimbahera,12,Ward,Chittorgarh,Nimbahera,12
Chittorgarh,Nimbahera,13,Ward,Chittorgarh,Nimbahera,13
Chittorgarh,Nimbahera,14,Ward,Chittorgarh,Nimbahera,14
Chittorgarh,Nimbahera,15,Ward,Chittorgarh,Nimbahera,15
Chittorgarh,Nimbahera,16,Ward,Chittorgarh,Nimbahera,16
Chittorgarh,Nimbahera,17,Ward,Chittorgarh,Nimbahera,17
Chittorgarh,Nimbahera,18,Ward,Chittorgarh,Nimbahera,18
Chittorgarh,Nimbahera,19,Ward,Chittorgarh,Nimbahera,19
Chittorgarh,Nimbahera,20,Ward,Chittorgarh,Nimbahera,20
Chittorgarh,Nimbahera,21,Ward,Chittorgarh,Nimbahera,21
Chittorgarh,Nimbahera,22,Ward,Chittorgarh,Nimbahera,22
Chittorgarh,Nimbahera,23,Ward,Chittorgarh,Nimbahera,23
Chittorgarh,Nimbahera,24,Ward,Chittorgarh,Nimbahera,24
Chittorgarh,Nimbahera,25,Ward,Chittorgarh,Nimbahera,25
Chittorgarh,Kapasan,KOONTHANA,Gram Panchayat,Chittorgarh,Kapasan,Koonthana
Chittorgarh,Kapasan,UCHNAR KHURD,Gram Panchayat,Chittorgarh,Kapasan,Uchnar Khurd
Chittorgarh,Mavli,SAKRODA,Gram Panchayat,Chittorgarh,Mavli,Sakroda
Chittorgarh,Vallabhnagar,DHAVDIYA,Gram Panchayat,Chittorgarh,Vallabhnagar,Dhavdiya
Chittorgarh,Vallabhnagar,SINHAR,Gram Panchayat,Chittorgarh,Vallabhnagar,Sinhar
Chittorgarh,Vallabhnagar,1,Ward,Chittorgarh,Vallabhnagar,1
Chittorgarh,Vallabhnagar,2,Ward,Chittorgarh,Vallabhnagar,2
Chittorgarh,Vallabhnagar,3,Ward,Chittorgarh,Vallabhnagar,3
Chittorgarh,Vallabhnagar,4,Ward,Chittorgarh,Vallabhnagar,4
Chittorgarh,Vallabhnagar,5,Ward,Chittorgarh,Vallabhnagar,5
Chittorgarh,Vallabhnagar,6,Ward,Chittorgarh,Vallabhnagar,6
Chittorgarh,Vallabhnagar,7,Ward,Chittorgarh,Vallabhnagar,7
Chittorgarh,Vallabhnagar,8,Ward,Chittorgarh,Vallabhnagar,8
Chittorgarh,Vallabhnagar,9,Ward,Chittorgarh,Vallabhnagar,9
Chittorgarh,Vallabhnagar,10,Ward,Chittorgarh,Vallabhnagar,10
Chittorgarh,Vallabhnagar,11,Ward,Chittorgarh,Vallabhnagar,11
Chittorgarh,Vallabhnagar,12,Ward,Chittorgarh,Vallabhnagar,12
Chittorgarh,Vallabhnagar,13,Ward,Chittorgarh,Vallabhnagar,13
Chittorgarh,Vallabhnagar,14,Ward,Chittorgarh,Vallabhnagar,14
Chittorgarh,Vallabhnagar,15,Ward,Chittorgarh,Vallabhnagar,15
Chittorgarh,Vallabhnagar,16,Ward,Chittorgarh,Vallabhnagar,16
Chittorgarh,Vallabhnagar,17,Ward,Chittorgarh,Vallabhnagar,17
Chittorgarh,Vallabhnagar,18,Ward,Chittorgarh,Vallabhnagar,18
Chittorgarh,Vallabhnagar,19,Ward,Chittorgarh,Vallabhnagar,19
Chittorgarh,Vallabhnagar,20,Ward,Chittorgarh,Vallabhnagar,20
Nagaur,Deedwana,THEBRI,Gram Panchayat,Nagaur,Deedwana,Thebri
Nagaur,Jayal,BHADANA,Gram Panchayat,Nagaur,Jayal,Bhadana
Nagaur,Nagaur,GOTHARA,Gram Panchayat,Nagaur,Nagaur,Gothara
Nagaur,Nagaur,1,Ward,Nagaur,Nagaur,1
Nagaur,Nagaur,2,Ward,Nagaur,Nagaur,2
Nagaur,Nagaur,3,Ward,Nagaur,Nagaur,3
Nagaur,Nagaur,4,Ward,Nagaur,Nagaur,4
Nagaur,Nagaur,5,Ward,Nagaur,Nagaur,5
Nagaur,Nagaur,6,Ward,Nagaur,Nagaur,6
Nagaur,Nagaur,7,Ward,Nagaur,Nagaur,7
Nagaur,Nagaur,8,Ward,Nagaur,Nagaur,8
Nagaur,Nagaur,9,Ward,Nagaur,Nagaur,9
Nagaur,Nagaur,10,Ward,Nagaur,Nagaur,10
Nagaur,Nagaur,11,Ward,Nagaur,Nagaur,11
Nagaur,Nagaur,12,Ward,Nagaur,Nagaur,12
Nagaur,Nagaur,13,Ward,Nagaur,Nagaur,13
Nagaur,Nagaur,14,Ward,Nagaur,Nagaur,14
Nagaur,Nagaur,15,Ward,Nagaur,Nagaur,15
Nagaur,Nagaur,16,Ward,Nagaur,Nagaur,16
Nagaur,Nagaur,17,Ward,Nagaur,Nagaur,17
Nagaur,Nagaur,18,Ward,Nagaur,Nagaur,18
Nagaur,Nagaur,19,Ward,Nagaur,Nagaur,19
Nagaur,Nagaur,20,Ward,Nagaur,Nagaur,20
Nagaur,Nagaur,21,Ward,Nagaur,Nagaur,21
Nagaur,Nagaur,22,Ward,Nagaur,Nagaur,22
Nagaur,Nagaur,23,Ward,Nagaur,Nagaur,23
Nagaur,Nagaur,24,Ward,Nagaur,Nagaur,24
Nagaur,Nagaur,25,Ward,Nagaur,Nagaur,25
Nagaur,Makrana,LOROLI,Gram Panchayat,Nagaur,Makrana,Loroli
Nagaur,Makrana,LOROLI,Gram Panchayat,Nagaur,Makrana,Loroli
Nagaur,Nawan,1,Ward,Nagaur,Nawan,1
Nagaur,Nawan,2,Ward,Nagaur,Nawan,2
Nagaur,Nawan,3,Ward,Nagaur,Nawan,3
Nagaur,Nawan,4,Ward,Nagaur,Nawan,4
Nagaur,Nawan,5,Ward,Nagaur,Nawan,5
Nagaur,Nawan,6,Ward,Nagaur,Nawan,6
Nagaur,Nawan,7,Ward,Nagaur,Nawan,7
Nagaur,Nawan,8,Ward,Nagaur,Nawan,8
Nagaur,Nawan,9,Ward,Nagaur,Nawan,9
Nagaur,Nawan,10,Ward,Nagaur,Nawan,10
Nagaur,Nawan,11,Ward,Nagaur,Nawan,11
Nagaur,Nawan,12,Ward,Nagaur,Nawan,12
Nagaur,Nawan,13,Ward,Nagaur,Nawan,13
Nagaur,Nawan,14,Ward,Nagaur,Nawan,14
Nagaur,Nawan,15,Ward,Nagaur,Nawan,15
Nagaur,Nawan,16,Ward,Nagaur,Nawan,16
Nagaur,Nawan,17,Ward,Nagaur,Nawan,17
Nagaur,Nawan,18,Ward,Nagaur,Nawan,18
Nagaur,Nawan,19,Ward,Nagaur,Nawan,19
Nagaur,Nawan,20,Ward,Nagaur,Nawan,20
Nagaur,Nawan,21,Ward,Nagaur,Nawan,21
Nagaur,Nawan,22,Ward,Nagaur,Nawan,22
Nagaur,Nawan,23,Ward,Nagaur,Nawan,23
Nagaur,Nawan,24,Ward,Nagaur,Nawan,24
Nagaur,Nawan,25,Ward,Nagaur,Nawan,25
Nagaur,Parbatsar,KHARDIYA,Gram Panchayat,Nagaur,Parbatsar,Khardiya
Rajsamand,Degana,CHUA,Gram Panchayat,Rajsamand,Degana,Chua
Rajsamand,Degana,CHUI,Gram Panchayat,Rajsamand,Degana,Chui
Rajsamand,Degana,MOGAS,Gram Panchayat,Rajsamand,Degana,Mogas
Rajsamand,Degana,NIMBOLA KALAN,Gram Panchayat,Rajsamand,Degana,Nimbola Kalan
Rajsamand,Degana,RAJOD,Gram Panchayat,Rajsamand,Degana,Rajod
Rajsamand,Degana,SIRASANA,Gram Panchayat,Rajsamand,Degana,Sirasana
Rajsamand,Merta,KATYASANI,Gram Panchayat,Rajsamand,Merta,Katyasani
Rajsamand,Jaitaran,Amarpura,Gram Panchayat,Rajsamand,Jaitaran,Amarpura
Rajsamand,Bhim,JEERAN,Gram Panchayat,Rajsamand,Bhim,Jeeran
Rajsamand,Nathdwara,BIJNOL,Gram Panchayat,Rajsamand,Nathdwara,Bijnol
Rajsamand,Nathdwara,SEMA,Gram Panchayat,Rajsamand,Nathdwara,Sema
Rajsamand,Beawar,Noondri Maldeo,Gram Panchayat,Rajsamand,Beawar,Noondri Maldeo
Jalore,Sirohi,1,Ward,Jalore,Sirohi,1
Jalore,Sirohi,2,Ward,Jalore,Sirohi,2
Jalore,Sirohi,3,Ward,Jalore,Sirohi,3
Jalore,Sirohi,4,Ward,Jalore,Sirohi,4
Jalore,Sirohi,5,Ward,Jalore,Sirohi,5
Jalore,Sirohi,6,Ward,Jalore,Sirohi,6
Jalore,Sirohi,7,Ward,Jalore,Sirohi,7
Jalore,Sirohi,8,Ward,Jalore,Sirohi,8
Jalore,Sirohi,9,Ward,Jalore,Sirohi,9
Jalore,Sirohi,10,Ward,Jalore,Sirohi,10
Jalore,Sirohi,11,Ward,Jalore,Sirohi,11
Jalore,Sirohi,12,Ward,Jalore,Sirohi,12
Jalore,Sirohi,13,Ward,Jalore,Sirohi,13
Jalore,Sirohi,14,Ward,Jalore,Sirohi,14
Jalore,Sirohi,15,Ward,Jalore,Sirohi,15
Jalore,Sirohi,16,Ward,Jalore,Sirohi,16
Jalore,Sirohi,17,Ward,Jalore,Sirohi,17
Jalore,Sirohi,18,Ward,Jalore,Sirohi,18
Jalore,Sirohi,19,Ward,Jalore,Sirohi,19
Jalore,Sirohi,20,Ward,Jalore,Sirohi,20
Jalore,Sirohi,21,Ward,Jalore,Sirohi,21
Jalore,Sirohi,22,Ward,Jalore,Sirohi,22
Jalore,Sirohi,23,Ward,Jalore,Sirohi,23
Jalore,Sirohi,24,Ward,Jalore,Sirohi,24
Jalore,Sirohi,25,Ward,Jalore,Sirohi,25
Jalore,Sirohi,26,Ward,Jalore,Sirohi,26
Jalore,Sirohi,27,Ward,Jalore,Sirohi,27
Jalore,Sirohi,28,Ward,Jalore,Sirohi,28
Jalore,Sirohi,29,Ward,Jalore,Sirohi,29
Jalore,Sirohi,30,Ward,Jalore,Sirohi,30
Jalore,Sirohi,31,Ward,Jalore,Sirohi,31
Jalore,Sirohi,32,Ward,Jalore,Sirohi,32
Jalore,Sirohi,33,Ward,Jalore,Sirohi,33
Jalore,Sirohi,34,Ward,Jalore,Sirohi,34
Jalore,Sirohi,35,Ward,Jalore,Sirohi,35
Jalore,Raniwara,KURA,Gram Panchayat,Jalore,Raniwara,Kura
Jalore,Bhinmal,Nohra,Gram Panchayat,Jalore,Bhinmal,Nohra
Bhilwara,Asind,DANTRA,Gram Panchayat,Bhilwara,Asind,Dantra
Bhilwara,Mandal,MANGROP,Gram Panchayat,Bhilwara,Mandal,Mangrop
Bhilwara,Mandal,PATLIYAS,Gram Panchayat,Bhilwara,Mandal,Patliyas
Bhilwara,Sahara,SETHURIYA,Gram Panchayat,Bhilwara,Sahara,Sethuriya
Bhilwara,Jahazpur,KISHANGARH,Gram Panchayat,Bhilwara,Jahazpur,Kishangarh
Bhilwara,Mandalgarh,JAWAL,Gram Panchayat,Bhilwara,Mandalgarh,Jawal
Bhilwara,Mandalgarh,JHANJHOLA,Gram Panchayat,Bhilwara,Mandalgarh,Jhanjhola
Bhilwara,Mandalgarh,MAL KA KHERA,Gram Panchayat,Bhilwara,Mandalgarh,Mal Ka Khera
Barmer Jaisalmer,Baytoo,Bhojasar,Gram Panchayat,Barmer Jaisalmer,Baytoo,Bhojasar
Barmer Jaisalmer,Baytoo,Chimoniyon Ki Dhani,Gram Panchayat,Barmer Jaisalmer,Baytoo,Chimoniyon Ki Dhani
Barmer Jaisalmer,Baytoo,HEERA KI DHANI,Gram Panchayat,Barmer Jaisalmer,Baytoo,Heera Ki Dhani
Barmer Jaisalmer,Baytoo,Janguon Ki Dhani,Gram Panchayat,Barmer Jaisalmer,Baytoo,Janguon Ki Dhani
Barmer Jaisalmer,Baytoo,KUMPALIYA,Gram Panchayat,Barmer Jaisalmer,Baytoo,Kumpaliya
Barmer Jaisalmer,Baytoo,MADPURA BARWALA,Gram Panchayat,Barmer Jaisalmer,Baytoo,Madpura Barwala
Barmer Jaisalmer,Baytoo,Nimbaniyon Ki Dhani,Gram Panchayat,Barmer Jaisalmer,Baytoo,Nimbaniyon Ki Dhani
Barmer Jaisalmer,Baytoo,PUNIYO KA TALA,Gram Panchayat,Barmer Jaisalmer,Baytoo,Puniyo Ka Tala
Barmer Jaisalmer,Baytoo,SAWAU MOOLRAJ,Gram Panchayat,Barmer Jaisalmer,Baytoo,Sawau Moolraj
Barmer Jaisalmer,Baytoo,SHAHAR,Gram Panchayat,Barmer Jaisalmer,Baytoo,Shahar
Barmer Jaisalmer,Sheo,KHADEEN,Gram Panchayat,Barmer Jaisalmer,Sheo,Khadeen
Barmer Jaisalmer,Sheo,POSHAL,Gram Panchayat,Barmer Jaisalmer,Sheo,Poshal
Barmer Jaisalmer,Sheo,rohidaala,Gram Panchayat,Barmer Jaisalmer,Sheo,Rohidaala
Barmer Jaisalmer,Siwana,MOTISARA,Gram Panchayat,Barmer Jaisalmer,Siwana,Motisara
Barmer Jaisalmer,Jaisalmer,BHOO,Gram Panchayat,Barmer Jaisalmer,Jaisalmer,Bhoo
Barmer Jaisalmer,Jaisalmer,CHHATANGARH,Gram Panchayat,Barmer Jaisalmer,Jaisalmer,Chhatangarh
Barmer Jaisalmer,Jaisalmer,NEDHAI,Gram Panchayat,Barmer Jaisalmer,Jaisalmer,Nedhai
Barmer Jaisalmer,Jaisalmer,PHULIYA,Gram Panchayat,Barmer Jaisalmer,Jaisalmer,Phuliya
Barmer Jaisalmer,Jaisalmer,SHAHGARH,Gram Panchayat,Barmer Jaisalmer,Jaisalmer,Shahgarh
Sikar,Dhod,PALTHANA,Gram Panchayat,Sikar,Dhod,Palthana
Sikar,Dhod,PURA CHOTI,Gram Panchayat,Sikar,Dhod,Pura Choti
Sikar,Dhod,TATANWA,Gram Panchayat,Sikar,Dhod,Tatanwa
Sikar,Khandela,RAMPURA (KHA),Gram Panchayat,Sikar,Khandela,Rampura (kha)
Sikar,Khandela,1,Ward,Sikar,Khandela,1
Sikar,Khandela,2,Ward,Sikar,Khandela,2
Sikar,Khandela,3,Ward,Sikar,Khandela,3
Sikar,Khandela,4,Ward,Sikar,Khandela,4
Sikar,Khandela,5,Ward,Sikar,Khandela,5
Sikar,Khandela,6,Ward,Sikar,Khandela,6
Sikar,Khandela,7,Ward,Sikar,Khandela,7
Sikar,Khandela,8,Ward,Sikar,Khandela,8
Sikar,Khandela,9,Ward,Sikar,Khandela,9
Sikar,Khandela,10,Ward,Sikar,Khandela,10
Sikar,Khandela,11,Ward,Sikar,Khandela,11
Sikar,Khandela,12,Ward,Sikar,Khandela,12
Sikar,Khandela,13,Ward,Sikar,Khandela,13
Sikar,Khandela,14,Ward,Sikar,Khandela,14
Sikar,Khandela,15,Ward,Sikar,Khandela,15
Sikar,Khandela,16,Ward,Sikar,Khandela,16
Sikar,Khandela,17,Ward,Sikar,Khandela,17
Sikar,Khandela,18,Ward,Sikar,Khandela,18
Sikar,Khandela,19,Ward,Sikar,Khandela,19
Sikar,Khandela,20,Ward,Sikar,Khandela,20
Sikar,Khandela,21,Ward,Sikar,Khandela,21
Sikar,Khandela,22,Ward,Sikar,Khandela,22
Sikar,Khandela,23,Ward,Sikar,Khandela,23
Sikar,Khandela,24,Ward,Sikar,Khandela,24
Sikar,Khandela,25,Ward,Sikar,Khandela,25
Sikar,Shri Madhopur,DEEPAWAS,Gram Panchayat,Sikar,Shri Madhopur,Deepawas
Sikar,Shri Madhopur,MOKALWAS JHAREEND,Gram Panchayat,Sikar,Shri Madhopur,Mokalwas Jhareend
Sikar,Shri Madhopur,RAMPURA (KHA),Gram Panchayat,Sikar,Shri Madhopur,Rampura (kha)
Sikar,Shri Madhopur,TODA,Gram Panchayat,Sikar,Shri Madhopur,Toda
Sikar,Lachhmangarh,JASARASAR,Gram Panchayat,Sikar,Lachhmangarh,Jasarasar
Sikar,Lachhmangarh,TIROKI BARI,Gram Panchayat,Sikar,Lachhmangarh,Tiroki Bari
Chittorgarh,Pratapgarh,ACHNARA,Gram Panchayat,Chittorgarh,Pratapgarh,Achnara
Jhunjhunu,Fatehpur,1,Ward,Jhunjhunu,Fatehpur,1
Jhunjhunu,Fatehpur,2,Ward,Jhunjhunu,Fatehpur,2
Jhunjhunu,Fatehpur,3,Ward,Jhunjhunu,Fatehpur,3
Jhunjhunu,Fatehpur,4,Ward,Jhunjhunu,Fatehpur,4
Jhunjhunu,Fatehpur,5,Ward,Jhunjhunu,Fatehpur,5
Jhunjhunu,Fatehpur,6,Ward,Jhunjhunu,Fatehpur,6
Jhunjhunu,Fatehpur,7,Ward,Jhunjhunu,Fatehpur,7
Jhunjhunu,Fatehpur,8,Ward,Jhunjhunu,Fatehpur,8
Jhunjhunu,Fatehpur,9,Ward,Jhunjhunu,Fatehpur,9
Jhunjhunu,Fatehpur,10,Ward,Jhunjhunu,Fatehpur,10
Jhunjhunu,Fatehpur,11,Ward,Jhunjhunu,Fatehpur,11
Jhunjhunu,Fatehpur,12,Ward,Jhunjhunu,Fatehpur,12
Jhunjhunu,Fatehpur,13,Ward,Jhunjhunu,Fatehpur,13
Jhunjhunu,Fatehpur,14,Ward,Jhunjhunu,Fatehpur,14
Jhunjhunu,Fatehpur,15,Ward,Jhunjhunu,Fatehpur,15
Jhunjhunu,Fatehpur,16,Ward,Jhunjhunu,Fatehpur,16
Jhunjhunu,Fatehpur,17,Ward,Jhunjhunu,Fatehpur,17
Jhunjhunu,Fatehpur,18,Ward,Jhunjhunu,Fatehpur,18
Jhunjhunu,Fatehpur,19,Ward,Jhunjhunu,Fatehpur,19
Jhunjhunu,Fatehpur,20,Ward,Jhunjhunu,Fatehpur,20
Jhunjhunu,Fatehpur,21,Ward,Jhunjhunu,Fatehpur,21
Jhunjhunu,Fatehpur,22,Ward,Jhunjhunu,Fatehpur,22
Jhunjhunu,Fatehpur,23,Ward,Jhunjhunu,Fatehpur,23
Jhunjhunu,Fatehpur,24,Ward,Jhunjhunu,Fatehpur,24
Jhunjhunu,Fatehpur,25,Ward,Jhunjhunu,Fatehpur,25
Jhunjhunu,Fatehpur,26,Ward,Jhunjhunu,Fatehpur,26
Jhunjhunu,Fatehpur,27,Ward,Jhunjhunu,Fatehpur,27
Jhunjhunu,Fatehpur,28,Ward,Jhunjhunu,Fatehpur,28
Jhunjhunu,Fatehpur,29,Ward,Jhunjhunu,Fatehpur,29
Jhunjhunu,Fatehpur,30,Ward,Jhunjhunu,Fatehpur,30
Jhunjhunu,Fatehpur,31,Ward,Jhunjhunu,Fatehpur,31
Jhunjhunu,Fatehpur,32,Ward,Jhunjhunu,Fatehpur,32
Jhunjhunu,Fatehpur,33,Ward,Jhunjhunu,Fatehpur,33
Jhunjhunu,Fatehpur,34,Ward,Jhunjhunu,Fatehpur,34
Jhunjhunu,Fatehpur,35,Ward,Jhunjhunu,Fatehpur,35
Jhunjhunu,Jhunjhunu,1,Ward,Jhunjhunu,Jhunjhunu,1
Jhunjhunu,Jhunjhunu,2,Ward,Jhunjhunu,Jhunjhunu,2
Jhunjhunu,Jhunjhunu,3,Ward,Jhunjhunu,Jhunjhunu,3
Jhunjhunu,Jhunjhunu,4,Ward,Jhunjhunu,Jhunjhunu,4
Jhunjhunu,Jhunjhunu,5,Ward,Jhunjhunu,Jhunjhunu,5
Jhunjhunu,Jhunjhunu,6,Ward,Jhunjhunu,Jhunjhunu,6
Jhunjhunu,Jhunjhunu,7,Ward,Jhunjhunu,Jhunjhunu,7
Jhunjhunu,Jhunjhunu,8,Ward,Jhunjhunu,Jhunjhunu,8
Jhunjhunu,Jhunjhunu,9,Ward,Jhunjhunu,Jhunjhunu,9
Jhunjhunu,Jhunjhunu,10,Ward,Jhunjhunu,Jhunjhunu,10
Jhunjhunu,Jhunjhunu,11,Ward,Jhunjhunu,Jhunjhunu,11
Jhunjhunu,Jhunjhunu,12,Ward,Jhunjhunu,Jhunjhunu,12
Jhunjhunu,Jhunjhunu,13,Ward,Jhunjhunu,Jhunjhunu,13
Jhunjhunu,Jhunjhunu,14,Ward,Jhunjhunu,Jhunjhunu,14
Jhunjhunu,Jhunjhunu,15,Ward,Jhunjhunu,Jhunjhunu,15
Jhunjhunu,Jhunjhunu,16,Ward,Jhunjhunu,Jhunjhunu,16
Jhunjhunu,Jhunjhunu,17,Ward,Jhunjhunu,Jhunjhunu,17
Jhunjhunu,Jhunjhunu,18,Ward,Jhunjhunu,Jhunjhunu,18
Jhunjhunu,Jhunjhunu,19,Ward,Jhunjhunu,Jhunjhunu,19
Jhunjhunu,Jhunjhunu,20,Ward,Jhunjhunu,Jhunjhunu,20
Jhunjhunu,Pilani,1,Ward,Jhunjhunu,Pilani,1
Jhunjhunu,Pilani,2,Ward,Jhunjhunu,Pilani,2
Jhunjhunu,Pilani,3,Ward,Jhunjhunu,Pilani,3
Jhunjhunu,Pilani,4,Ward,Jhunjhunu,Pilani,4
Jhunjhunu,Pilani,5,Ward,Jhunjhunu,Pilani,5
Jhunjhunu,Pilani,6,Ward,Jhunjhunu,Pilani,6
Jhunjhunu,Pilani,7,Ward,Jhunjhunu,Pilani,7
Jhunjhunu,Pilani,8,Ward,Jhunjhunu,Pilani,8
Jhunjhunu,Pilani,9,Ward,Jhunjhunu,Pilani,9
Jhunjhunu,Pilani,10,Ward,Jhunjhunu,Pilani,10
Jhunjhunu,Pilani,11,Ward,Jhunjhunu,Pilani,11
Jhunjhunu,Pilani,12,Ward,Jhunjhunu,Pilani,12
Jhunjhunu,Pilani,13,Ward,Jhunjhunu,Pilani,13
Jhunjhunu,Pilani,14,Ward,Jhunjhunu,Pilani,14
Jhunjhunu,Pilani,15,Ward,Jhunjhunu,Pilani,15
Jhunjhunu,Pilani,16,Ward,Jhunjhunu,Pilani,16
Jhunjhunu,Pilani,17,Ward,Jhunjhunu,Pilani,17
Jhunjhunu,Pilani,18,Ward,Jhunjhunu,Pilani,18
Jhunjhunu,Pilani,19,Ward,Jhunjhunu,Pilani,19
Jhunjhunu,Pilani,20,Ward,Jhunjhunu,Pilani,20
Jhunjhunu,Pilani,21,Ward,Jhunjhunu,Pilani,21
Jhunjhunu,Pilani,22,Ward,Jhunjhunu,Pilani,22
Jhunjhunu,Pilani,23,Ward,Jhunjhunu,Pilani,23
Jhunjhunu,Pilani,24,Ward,Jhunjhunu,Pilani,24
Jhunjhunu,Pilani,25,Ward,Jhunjhunu,Pilani,25
Jhunjhunu,Pilani,26,Ward,Jhunjhunu,Pilani,26
Jhunjhunu,Pilani,27,Ward,Jhunjhunu,Pilani,27
Jhunjhunu,Pilani,28,Ward,Jhunjhunu,Pilani,28
Jhunjhunu,Pilani,29,Ward,Jhunjhunu,Pilani,29
Jhunjhunu,Pilani,30,Ward,Jhunjhunu,Pilani,30
Jhunjhunu,Pilani,31,Ward,Jhunjhunu,Pilani,31
Jhunjhunu,Pilani,32,Ward,Jhunjhunu,Pilani,32
Jhunjhunu,Pilani,33,Ward,Jhunjhunu,Pilani,33
Jhunjhunu,Pilani,34,Ward,Jhunjhunu,Pilani,34
Jhunjhunu,Pilani,35,Ward,Jhunjhunu,Pilani,35
Jhunjhunu,Pilani,1,Ward,Jhunjhunu,Pilani,1
Jhunjhunu,Pilani,2,Ward,Jhunjhunu,Pilani,2
Jhunjhunu,Pilani,3,Ward,Jhunjhunu,Pilani,3
Jhunjhunu,Pilani,4,Ward,Jhunjhunu,Pilani,4
Jhunjhunu,Pilani,5,Ward,Jhunjhunu,Pilani,5
Jhunjhunu,Pilani,6,Ward,Jhunjhunu,Pilani,6
Jhunjhunu,Pilani,7,Ward,Jhunjhunu,Pilani,7
Jhunjhunu,Pilani,8,Ward,Jhunjhunu,Pilani,8
Jhunjhunu,Pilani,9,Ward,Jhunjhunu,Pilani,9
Jhunjhunu,Pilani,10,Ward,Jhunjhunu,Pilani,10
Jhunjhunu,Pilani,11,Ward,Jhunjhunu,Pilani,11
Jhunjhunu,Pilani,12,Ward,Jhunjhunu,Pilani,12
Jhunjhunu,Pilani,13,Ward,Jhunjhunu,Pilani,13
Jhunjhunu,Pilani,14,Ward,Jhunjhunu,Pilani,14
Jhunjhunu,Pilani,15,Ward,Jhunjhunu,Pilani,15
Jhunjhunu,Pilani,16,Ward,Jhunjhunu,Pilani,16
Jhunjhunu,Pilani,17,Ward,Jhunjhunu,Pilani,17
Jhunjhunu,Pilani,18,Ward,Jhunjhunu,Pilani,18
Jhunjhunu,Pilani,19,Ward,Jhunjhunu,Pilani,19
Jhunjhunu,Pilani,20,Ward,Jhunjhunu,Pilani,20
Jhunjhunu,Pilani,21,Ward,Jhunjhunu,Pilani,21
Jhunjhunu,Pilani,22,Ward,Jhunjhunu,Pilani,22
Jhunjhunu,Pilani,23,Ward,Jhunjhunu,Pilani,23
Jhunjhunu,Pilani,24,Ward,Jhunjhunu,Pilani,24
Jhunjhunu,Pilani,25,Ward,Jhunjhunu,Pilani,25
Jhunjhunu,Mandawa,1,Ward,Jhunjhunu,Mandawa,1
Jhunjhunu,Mandawa,2,Ward,Jhunjhunu,Mandawa,2
Jhunjhunu,Mandawa,3,Ward,Jhunjhunu,Mandawa,3
Jhunjhunu,Mandawa,4,Ward,Jhunjhunu,Mandawa,4
Jhunjhunu,Mandawa,5,Ward,Jhunjhunu,Mandawa,5
Jhunjhunu,Mandawa,6,Ward,Jhunjhunu,Mandawa,6
Jhunjhunu,Mandawa,7,Ward,Jhunjhunu,Mandawa,7
Jhunjhunu,Mandawa,8,Ward,Jhunjhunu,Mandawa,8
Jhunjhunu,Mandawa,9,Ward,Jhunjhunu,Mandawa,9
Jhunjhunu,Mandawa,10,Ward,Jhunjhunu,Mandawa,10
Jhunjhunu,Mandawa,11,Ward,Jhunjhunu,Mandawa,11
Jhunjhunu,Mandawa,12,Ward,Jhunjhunu,Mandawa,12
Jhunjhunu,Mandawa,13,Ward,Jhunjhunu,Mandawa,13
Jhunjhunu,Mandawa,14,Ward,Jhunjhunu,Mandawa,14
Jhunjhunu,Mandawa,15,Ward,Jhunjhunu,Mandawa,15
Jhunjhunu,Mandawa,16,Ward,Jhunjhunu,Mandawa,16
Jhunjhunu,Mandawa,17,Ward,Jhunjhunu,Mandawa,17
Jhunjhunu,Mandawa,18,Ward,Jhunjhunu,Mandawa,18
Jhunjhunu,Mandawa,19,Ward,Jhunjhunu,Mandawa,19
Jhunjhunu,Mandawa,20,Ward,Jhunjhunu,Mandawa,20
Jhunjhunu,Mandawa,21,Ward,Jhunjhunu,Mandawa,21
Jhunjhunu,Mandawa,22,Ward,Jhunjhunu,Mandawa,22
Jhunjhunu,Mandawa,23,Ward,Jhunjhunu,Mandawa,23
Jhunjhunu,Mandawa,24,Ward,Jhunjhunu,Mandawa,24
Jhunjhunu,Mandawa,25,Ward,Jhunjhunu,Mandawa,25
Jhunjhunu,Nawalgarh,1,Ward,Jhunjhunu,Nawalgarh,1
Jhunjhunu,Nawalgarh,2,Ward,Jhunjhunu,Nawalgarh,2
Jhunjhunu,Nawalgarh,3,Ward,Jhunjhunu,Nawalgarh,3
Jhunjhunu,Nawalgarh,4,Ward,Jhunjhunu,Nawalgarh,4
Jhunjhunu,Nawalgarh,5,Ward,Jhunjhunu,Nawalgarh,5
Jhunjhunu,Nawalgarh,6,Ward,Jhunjhunu,Nawalgarh,6
Jhunjhunu,Nawalgarh,7,Ward,Jhunjhunu,Nawalgarh,7
Jhunjhunu,Nawalgarh,8,Ward,Jhunjhunu,Nawalgarh,8
Jhunjhunu,Nawalgarh,9,Ward,Jhunjhunu,Nawalgarh,9
Jhunjhunu,Nawalgarh,10,Ward,Jhunjhunu,Nawalgarh,10
Jhunjhunu,Nawalgarh,11,Ward,Jhunjhunu,Nawalgarh,11
Jhunjhunu,Nawalgarh,12,Ward,Jhunjhunu,Nawalgarh,12
Jhunjhunu,Nawalgarh,13,Ward,Jhunjhunu,Nawalgarh,13
Jhunjhunu,Nawalgarh,14,Ward,Jhunjhunu,Nawalgarh,14
Jhunjhunu,Nawalgarh,15,Ward,Jhunjhunu,Nawalgarh,15
Jhunjhunu,Nawalgarh,16,Ward,Jhunjhunu,Nawalgarh,16
Jhunjhunu,Nawalgarh,17,Ward,Jhunjhunu,Nawalgarh,17
Jhunjhunu,Nawalgarh,18,Ward,Jhunjhunu,Nawalgarh,18
Jhunjhunu,Nawalgarh,19,Ward,Jhunjhunu,Nawalgarh,19
Jhunjhunu,Nawalgarh,20,Ward,Jhunjhunu,Nawalgarh,20
Jhunjhunu,Nawalgarh,21,Ward,Jhunjhunu,Nawalgarh,21
Jhunjhunu,Nawalgarh,22,Ward,Jhunjhunu,Nawalgarh,22
Jhunjhunu,Nawalgarh,23,Ward,Jhunjhunu,Nawalgarh,23
Jhunjhunu,Nawalgarh,24,Ward,Jhunjhunu,Nawalgarh,24
Jhunjhunu,Nawalgarh,25,Ward,Jhunjhunu,Nawalgarh,25
Churu,Ratangarh,1,Ward,Churu,Ratangarh,1
Churu,Ratangarh,2,Ward,Churu,Ratangarh,2
Churu,Ratangarh,3,Ward,Churu,Ratangarh,3
Churu,Ratangarh,4,Ward,Churu,Ratangarh,4
Churu,Ratangarh,5,Ward,Churu,Ratangarh,5
Churu,Ratangarh,6,Ward,Churu,Ratangarh,6
Churu,Ratangarh,7,Ward,Churu,Ratangarh,7
Churu,Ratangarh,8,Ward,Churu,Ratangarh,8
Churu,Ratangarh,9,Ward,Churu,Ratangarh,9
Churu,Ratangarh,10,Ward,Churu,Ratangarh,10
Churu,Ratangarh,11,Ward,Churu,Ratangarh,11
Churu,Ratangarh,12,Ward,Churu,Ratangarh,12
Churu,Ratangarh,13,Ward,Churu,Ratangarh,13
Churu,Ratangarh,14,Ward,Churu,Ratangarh,14
Churu,Ratangarh,15,Ward,Churu,Ratangarh,15
Churu,Ratangarh,16,Ward,Churu,Ratangarh,16
Churu,Ratangarh,17,Ward,Churu,Ratangarh,17
Churu,Ratangarh,18,Ward,Churu,Ratangarh,18
Churu,Ratangarh,19,Ward,Churu,Ratangarh,19
Churu,Ratangarh,20,Ward,Churu,Ratangarh,20
Churu,Ratangarh,21,Ward,Churu,Ratangarh,21
Churu,Ratangarh,22,Ward,Churu,Ratangarh,22
Churu,Ratangarh,23,Ward,Churu,Ratangarh,23
Churu,Ratangarh,24,Ward,Churu,Ratangarh,24
Churu,Ratangarh,25,Ward,Churu,Ratangarh,25
Churu,Sujangarh,1,Ward,Churu,Sujangarh,1
Churu,Sujangarh,2,Ward,Churu,Sujangarh,2
Churu,Sujangarh,3,Ward,Churu,Sujangarh,3
Churu,Sujangarh,4,Ward,Churu,Sujangarh,4
Churu,Sujangarh,5,Ward,Churu,Sujangarh,5
Churu,Sujangarh,6,Ward,Churu,Sujangarh,6
Churu,Sujangarh,7,Ward,Churu,Sujangarh,7
Churu,Sujangarh,8,Ward,Churu,Sujangarh,8
Churu,Sujangarh,9,Ward,Churu,Sujangarh,9
Churu,Sujangarh,10,Ward,Churu,Sujangarh,10
Churu,Sujangarh,11,Ward,Churu,Sujangarh,11
Churu,Sujangarh,12,Ward,Churu,Sujangarh,12
Churu,Sujangarh,13,Ward,Churu,Sujangarh,13
Churu,Sujangarh,14,Ward,Churu,Sujangarh,14
Churu,Sujangarh,15,Ward,Churu,Sujangarh,15
Churu,Sujangarh,16,Ward,Churu,Sujangarh,16
Churu,Sujangarh,17,Ward,Churu,Sujangarh,17
Churu,Sujangarh,18,Ward,Churu,Sujangarh,18
Churu,Sujangarh,19,Ward,Churu,Sujangarh,19
Churu,Sujangarh,20,Ward,Churu,Sujangarh,20
Churu,Sujangarh,21,Ward,Churu,Sujangarh,21
Churu,Sujangarh,22,Ward,Churu,Sujangarh,22
Churu,Sujangarh,23,Ward,Churu,Sujangarh,23
Churu,Sujangarh,24,Ward,Churu,Sujangarh,24
Churu,Sujangarh,25,Ward,Churu,Sujangarh,25
Churu,Sujangarh,26,Ward,Churu,Sujangarh,26
Churu,Sujangarh,27,Ward,Churu,Sujangarh,27
Churu,Sujangarh,28,Ward,Churu,Sujangarh,28
Churu,Sujangarh,29,Ward,Churu,Sujangarh,29
Churu,Sujangarh,30,Ward,Churu,Sujangarh,30
Churu,Sujangarh,31,Ward,Churu,Sujangarh,31
Churu,Sujangarh,32,Ward,Churu,Sujangarh,32
Churu,Sujangarh,33,Ward,Churu,Sujangarh,33
Churu,Sujangarh,34,Ward,Churu,Sujangarh,34
Churu,Sujangarh,35,Ward,Churu,Sujangarh,35
Churu,Sardarshahar,MELUSAR,Gram Panchayat,Churu,Sardarshahar,Melusar
Churu,Sardarshahar,NAINASAR,Gram Panchayat,Churu,Sardarshahar,Nainasar
Churu,Sardarshahar,NAINASAR SUMERIYA,Gram Panchayat,Churu,Sardarshahar,Nainasar Sumeriya
Churu,Taranagar,BADHSAR,Gram Panchayat,Churu,Taranagar,Badhsar
Churu,Taranagar,MANPURA,Gram Panchayat,Churu,Taranagar,Manpura
Churu,Sadulpur,GAGRWAS,Gram Panchayat,Churu,Sadulpur,Gagrwas
Churu,Bhadra,DABARI,Gram Panchayat,Churu,Bhadra,Dabari
Ganganagar,Karanpur,1,Ward,Ganganagar,Karanpur,1
Ganganagar,Karanpur,2,Ward,Ganganagar,Karanpur,2
Ganganagar,Karanpur,3,Ward,Ganganagar,Karanpur,3
Ganganagar,Karanpur,4,Ward,Ganganagar,Karanpur,4
Ganganagar,Karanpur,5,Ward,Ganganagar,Karanpur,5
Ganganagar,Karanpur,6,Ward,Ganganagar,Karanpur,6
Ganganagar,Karanpur,7,Ward,Ganganagar,Karanpur,7
Ganganagar,Karanpur,8,Ward,Ganganagar,Karanpur,8
Ganganagar,Karanpur,9,Ward,Ganganagar,Karanpur,9
Ganganagar,Karanpur,10,Ward,Ganganagar,Karanpur,10
Ganganagar,Karanpur,11,Ward,Ganganagar,Karanpur,11
Ganganagar,Karanpur,12,Ward,Ganganagar,Karanpur,12
Ganganagar,Karanpur,13,Ward,Ganganagar,Karanpur,13
Ganganagar,Karanpur,14,Ward,Ganganagar,Karanpur,14
Ganganagar,Karanpur,15,Ward,Ganganagar,Karanpur,15
Ganganagar,Karanpur,16,Ward,Ganganagar,Karanpur,16
Ganganagar,Karanpur,17,Ward,Ganganagar,Karanpur,17
Ganganagar,Karanpur,18,Ward,Ganganagar,Karanpur,18
Ganganagar,Karanpur,19,Ward,Ganganagar,Karanpur,19
Ganganagar,Karanpur,20,Ward,Ganganagar,Karanpur,20
Ganganagar,Karanpur,21,Ward,Ganganagar,Karanpur,21
Ganganagar,Karanpur,22,Ward,Ganganagar,Karanpur,22
Ganganagar,Karanpur,23,Ward,Ganganagar,Karanpur,23
Ganganagar,Karanpur,24,Ward,Ganganagar,Karanpur,24
Ganganagar,Karanpur,25,Ward,Ganganagar,Karanpur,25
Ganganagar,Karanpur,1,Ward,Ganganagar,Karanpur,1
Ganganagar,Karanpur,2,Ward,Ganganagar,Karanpur,2
Ganganagar,Karanpur,3,Ward,Ganganagar,Karanpur,3
Ganganagar,Karanpur,4,Ward,Ganganagar,Karanpur,4
Ganganagar,Karanpur,5,Ward,Ganganagar,Karanpur,5
Ganganagar,Karanpur,6,Ward,Ganganagar,Karanpur,6
Ganganagar,Karanpur,7,Ward,Ganganagar,Karanpur,7
Ganganagar,Karanpur,8,Ward,Ganganagar,Karanpur,8
Ganganagar,Karanpur,9,Ward,Ganganagar,Karanpur,9
Ganganagar,Karanpur,10,Ward,Ganganagar,Karanpur,10
Ganganagar,Karanpur,11,Ward,Ganganagar,Karanpur,11
Ganganagar,Karanpur,12,Ward,Ganganagar,Karanpur,12
Ganganagar,Karanpur,13,Ward,Ganganagar,Karanpur,13
Ganganagar,Karanpur,14,Ward,Ganganagar,Karanpur,14
Ganganagar,Karanpur,15,Ward,Ganganagar,Karanpur,15
Ganganagar,Karanpur,16,Ward,Ganganagar,Karanpur,16
Ganganagar,Karanpur,17,Ward,Ganganagar,Karanpur,17
Ganganagar,Karanpur,18,Ward,Ganganagar,Karanpur,18
Ganganagar,Karanpur,19,Ward,Ganganagar,Karanpur,19
Ganganagar,Karanpur,20,Ward,Ganganagar,Karanpur,20
Ganganagar,Raisinghnagar,1,Ward,Ganganagar,Raisinghnagar,1
Ganganagar,Raisinghnagar,2,Ward,Ganganagar,Raisinghnagar,2
Ganganagar,Raisinghnagar,3,Ward,Ganganagar,Raisinghnagar,3
Ganganagar,Raisinghnagar,4,Ward,Ganganagar,Raisinghnagar,4
Ganganagar,Raisinghnagar,5,Ward,Ganganagar,Raisinghnagar,5
Ganganagar,Raisinghnagar,6,Ward,Ganganagar,Raisinghnagar,6
Ganganagar,Raisinghnagar,7,Ward,Ganganagar,Raisinghnagar,7
Ganganagar,Raisinghnagar,8,Ward,Ganganagar,Raisinghnagar,8
Ganganagar,Raisinghnagar,9,Ward,Ganganagar,Raisinghnagar,9
Ganganagar,Raisinghnagar,10,Ward,Ganganagar,Raisinghnagar,10
Ganganagar,Raisinghnagar,11,Ward,Ganganagar,Raisinghnagar,11
Ganganagar,Raisinghnagar,12,Ward,Ganganagar,Raisinghnagar,12
Ganganagar,Raisinghnagar,13,Ward,Ganganagar,Raisinghnagar,13
Ganganagar,Raisinghnagar,14,Ward,Ganganagar,Raisinghnagar,14
Ganganagar,Raisinghnagar,15,Ward,Ganganagar,Raisinghnagar,15
Ganganagar,Raisinghnagar,16,Ward,Ganganagar,Raisinghnagar,16
Ganganagar,Raisinghnagar,17,Ward,Ganganagar,Raisinghnagar,17
Ganganagar,Raisinghnagar,18,Ward,Ganganagar,Raisinghnagar,18
Ganganagar,Raisinghnagar,19,Ward,Ganganagar,Raisinghnagar,19
Ganganagar,Raisinghnagar,20,Ward,Ganganagar,Raisinghnagar,20
Ganganagar,Raisinghnagar,21,Ward,Ganganagar,Raisinghnagar,21
Ganganagar,Raisinghnagar,22,Ward,Ganganagar,Raisinghnagar,22
Ganganagar,Raisinghnagar,23,Ward,Ganganagar,Raisinghnagar,23
Ganganagar,Raisinghnagar,24,Ward,Ganganagar,Raisinghnagar,24
Ganganagar,Raisinghnagar,25,Ward,Ganganagar,Raisinghnagar,25
Ganganagar,Sangaria,BHAKHRAWALI,Gram Panchayat,Ganganagar,Sangaria,Bhakhrawali
Ganganagar,Pilibanga,GANDHELI (30 RWD),Gram Panchayat,Ganganagar,Pilibanga,Gandheli (30 Rwd)
Ganganagar,Pilibanga,RAMPURA MATORIA (2RPM),Gram Panchayat,Ganganagar,Pilibanga,Rampura Matoria (2rpm)
Ganganagar,Pilibanga,1,Ward,Ganganagar,Pilibanga,1
Ganganagar,Pilibanga,2,Ward,Ganganagar,Pilibanga,2
Ganganagar,Pilibanga,3,Ward,Ganganagar,Pilibanga,3
Ganganagar,Pilibanga,4,Ward,Ganganagar,Pilibanga,4
Ganganagar,Pilibanga,5,Ward,Ganganagar,Pilibanga,5
Ganganagar,Pilibanga,6,Ward,Ganganagar,Pilibanga,6
Ganganagar,Pilibanga,7,Ward,Ganganagar,Pilibanga,7
Ganganagar,Pilibanga,8,Ward,Ganganagar,Pilibanga,8
Ganganagar,Pilibanga,9,Ward,Ganganagar,Pilibanga,9
Ganganagar,Pilibanga,10,Ward,Ganganagar,Pilibanga,10
Ganganagar,Pilibanga,11,Ward,Ganganagar,Pilibanga,11
Ganganagar,Pilibanga,12,Ward,Ganganagar,Pilibanga,12
Ganganagar,Pilibanga,13,Ward,Ganganagar,Pilibanga,13
Ganganagar,Pilibanga,14,Ward,Ganganagar,Pilibanga,14
Ganganagar,Pilibanga,15,Ward,Ganganagar,Pilibanga,15
Ganganagar,Pilibanga,16,Ward,Ganganagar,Pilibanga,16
Ganganagar,Pilibanga,17,Ward,Ganganagar,Pilibanga,17
Ganganagar,Pilibanga,18,Ward,Ganganagar,Pilibanga,18
Ganganagar,Pilibanga,19,Ward,Ganganagar,Pilibanga,19
Ganganagar,Pilibanga,20,Ward,Ganganagar,Pilibanga,20
Ganganagar,Pilibanga,21,Ward,Ganganagar,Pilibanga,21
Ganganagar,Pilibanga,22,Ward,Ganganagar,Pilibanga,22
Ganganagar,Pilibanga,23,Ward,Ganganagar,Pilibanga,23
Ganganagar,Pilibanga,24,Ward,Ganganagar,Pilibanga,24
Ganganagar,Pilibanga,25,Ward,Ganganagar,Pilibanga,25
Ganganagar,Pilibanga,26,Ward,Ganganagar,Pilibanga,26
Ganganagar,Pilibanga,27,Ward,Ganganagar,Pilibanga,27
Ganganagar,Pilibanga,28,Ward,Ganganagar,Pilibanga,28
Ganganagar,Pilibanga,29,Ward,Ganganagar,Pilibanga,29
Ganganagar,Pilibanga,30,Ward,Ganganagar,Pilibanga,30
Ganganagar,Pilibanga,31,Ward,Ganganagar,Pilibanga,31
Ganganagar,Pilibanga,32,Ward,Ganganagar,Pilibanga,32
Ganganagar,Pilibanga,33,Ward,Ganganagar,Pilibanga,33
Ganganagar,Pilibanga,34,Ward,Ganganagar,Pilibanga,34
Ganganagar,Pilibanga,35,Ward,Ganganagar,Pilibanga,35
Ganganagar,Hanumangarh,HIRNAWALI,Gram Panchayat,Ganganagar,Hanumangarh,Hirnawali
Jhalawar,Khanpur,MORI,Gram Panchayat,Jhalawar,Khanpur,Mori
Jhalawar,Manohar Thana,MISHROLI,Gram Panchayat,Jhalawar,Manohar Thana,Mishroli
Jhalawar,Kishanganj,DIGODPAR,Gram Panchayat,Jhalawar,Kishanganj,Digodpar
Jhalawar,Kishanganj,Bhoyal,Gram Panchayat,Jhalawar,Kishanganj,Bhoyal
Kota,Ramganj Mandi,6,Ward,Kota,Ramganj Mandi,6
Kota,Ramganj Mandi,7,Ward,Kota,Ramganj Mandi,7
Kota,Ramganj Mandi,8,Ward,Kota,Ramganj Mandi,8
Kota,Ramganj Mandi,29,Ward,Kota,Ramganj Mandi,29
Kota,Ramganj Mandi,31,Ward,Kota,Ramganj Mandi,31
Kota,Ramganj Mandi,32,Ward,Kota,Ramganj Mandi,32
Kota,Ladpura,12,Ward,Kota,Ladpura,12
Kota,Ladpura,13,Ward,Kota,Ladpura,13
Kota,Ladpura,14,Ward,Kota,Ladpura,14
Kota,Ladpura,15,Ward,Kota,Ladpura,15
Kota,Ladpura,16,Ward,Kota,Ladpura,16
Kota,Ladpura,17,Ward,Kota,Ladpura,17
Kota,Ladpura,18,Ward,Kota,Ladpura,18
Kota,Ladpura,19,Ward,Kota,Ladpura,19
Kota,Ladpura,20,Ward,Kota,Ladpura,20
Kota,Ladpura,9,Ward,Kota,Ladpura,9
Kota,Ladpura,10,Ward,Kota,Ladpura,10
Kota,Ladpura,11,Ward,Kota,Ladpura,11
Kota,Ladpura,15,Ward,Kota,Ladpura,15
Kota,Ladpura,16,Ward,Kota,Ladpura,16
Kota,Ladpura,17,Ward,Kota,Ladpura,17
Kota,Ladpura,18,Ward,Kota,Ladpura,18
Kota,Ladpura,19,Ward,Kota,Ladpura,19
Kota,Ladpura,20,Ward,Kota,Ladpura,20
Kota,Ladpura,21,Ward,Kota,Ladpura,21
Kota,Ladpura,43,Ward,Kota,Ladpura,43
Kota,Keshoraipatan,SAKHAWADA,Gram Panchayat,Kota,Keshoraipatan,Sakhawada
Kota,Keshoraipatan,1,Ward,Kota,Keshoraipatan,1
Kota,Keshoraipatan,2,Ward,Kota,Keshoraipatan,2
Kota,Keshoraipatan,3,Ward,Kota,Keshoraipatan,3
Kota,Keshoraipatan,4,Ward,Kota,Keshoraipatan,4
Kota,Keshoraipatan,5,Ward,Kota,Keshoraipatan,5
Kota,Keshoraipatan,6,Ward,Kota,Keshoraipatan,6
Kota,Keshoraipatan,7,Ward,Kota,Keshoraipatan,7
Kota,Keshoraipatan,8,Ward,Kota,Keshoraipatan,8
Kota,Keshoraipatan,9,Ward,Kota,Keshoraipatan,9
Kota,Keshoraipatan,10,Ward,Kota,Keshoraipatan,10
Kota,Keshoraipatan,11,Ward,Kota,Keshoraipatan,11
Kota,Keshoraipatan,12,Ward,Kota,Keshoraipatan,12
Kota,Keshoraipatan,13,Ward,Kota,Keshoraipatan,13
Kota,Keshoraipatan,14,Ward,Kota,Keshoraipatan,14
Kota,Keshoraipatan,15,Ward,Kota,Keshoraipatan,15
Kota,Keshoraipatan,16,Ward,Kota,Keshoraipatan,16
Kota,Keshoraipatan,17,Ward,Kota,Keshoraipatan,17
Kota,Keshoraipatan,18,Ward,Kota,Keshoraipatan,18
Kota,Keshoraipatan,19,Ward,Kota,Keshoraipatan,19
Kota,Keshoraipatan,20,Ward,Kota,Keshoraipatan,20
Kota,Keshoraipatan,21,Ward,Kota,Keshoraipatan,21
Kota,Keshoraipatan,22,Ward,Kota,Keshoraipatan,22
Kota,Keshoraipatan,23,Ward,Kota,Keshoraipatan,23
Kota,Keshoraipatan,24,Ward,Kota,Keshoraipatan,24
Kota,Keshoraipatan,25,Ward,Kota,Keshoraipatan,25
Kota,Keshoraipatan,1,Ward,Kota,Keshoraipatan,1
Kota,Keshoraipatan,2,Ward,Kota,Keshoraipatan,2
Kota,Keshoraipatan,3,Ward,Kota,Keshoraipatan,3
Kota,Keshoraipatan,4,Ward,Kota,Keshoraipatan,4
Kota,Keshoraipatan,5,Ward,Kota,Keshoraipatan,5
Kota,Keshoraipatan,6,Ward,Kota,Keshoraipatan,6
Kota,Keshoraipatan,7,Ward,Kota,Keshoraipatan,7
Kota,Keshoraipatan,8,Ward,Kota,Keshoraipatan,8
Kota,Keshoraipatan,9,Ward,Kota,Keshoraipatan,9
Kota,Keshoraipatan,10,Ward,Kota,Keshoraipatan,10
Kota,Keshoraipatan,11,Ward,Kota,Keshoraipatan,11
Kota,Keshoraipatan,12,Ward,Kota,Keshoraipatan,12
Kota,Keshoraipatan,13,Ward,Kota,Keshoraipatan,13
Kota,Keshoraipatan,14,Ward,Kota,Keshoraipatan,14
Kota,Keshoraipatan,15,Ward,Kota,Keshoraipatan,15
Kota,Keshoraipatan,16,Ward,Kota,Keshoraipatan,16
Kota,Keshoraipatan,17,Ward,Kota,Keshoraipatan,17
Kota,Keshoraipatan,18,Ward,Kota,Keshoraipatan,18
Kota,Keshoraipatan,19,Ward,Kota,Keshoraipatan,19
Kota,Keshoraipatan,20,Ward,Kota,Keshoraipatan,20
Kota,Keshoraipatan,21,Ward,Kota,Keshoraipatan,21
Kota,Keshoraipatan,22,Ward,Kota,Keshoraipatan,22
Kota,Keshoraipatan,23,Ward,Kota,Keshoraipatan,23
Kota,Keshoraipatan,24,Ward,Kota,Keshoraipatan,24
Kota,Keshoraipatan,25,Ward,Kota,Keshoraipatan,25
Kota,Keshoraipatan,1,Ward,Kota,Keshoraipatan,1
Kota,Keshoraipatan,2,Ward,Kota,Keshoraipatan,2
Kota,Keshoraipatan,3,Ward,Kota,Keshoraipatan,3
Kota,Keshoraipatan,4,Ward,Kota,Keshoraipatan,4
Kota,Keshoraipatan,5,Ward,Kota,Keshoraipatan,5
Kota,Keshoraipatan,6,Ward,Kota,Keshoraipatan,6
Kota,Keshoraipatan,7,Ward,Kota,Keshoraipatan,7
Kota,Keshoraipatan,8,Ward,Kota,Keshoraipatan,8
Kota,Keshoraipatan,9,Ward,Kota,Keshoraipatan,9
Kota,Keshoraipatan,10,Ward,Kota,Keshoraipatan,10
Kota,Keshoraipatan,11,Ward,Kota,Keshoraipatan,11
Kota,Keshoraipatan,12,Ward,Kota,Keshoraipatan,12
Kota,Keshoraipatan,13,Ward,Kota,Keshoraipatan,13
Kota,Keshoraipatan,14,Ward,Kota,Keshoraipatan,14
Kota,Keshoraipatan,15,Ward,Kota,Keshoraipatan,15
Kota,Keshoraipatan,16,Ward,Kota,Keshoraipatan,16
Kota,Keshoraipatan,17,Ward,Kota,Keshoraipatan,17
Kota,Keshoraipatan,18,Ward,Kota,Keshoraipatan,18
Kota,Keshoraipatan,19,Ward,Kota,Keshoraipatan,19
Kota,Keshoraipatan,20,Ward,Kota,Keshoraipatan,20
Kota,Bundi,ALPHA NAGAR,Gram Panchayat,Kota,Bundi,Alpha Nagar
Pali,Sojat,RAJOLA KALLAN,Gram Panchayat,Pali,Sojat,Rajola Kallan
Pali,Bali,1,Ward,Pali,Bali,1
Pali,Bali,2,Ward,Pali,Bali,2
Pali,Bali,3,Ward,Pali,Bali,3
Pali,Bali,4,Ward,Pali,Bali,4
Pali,Bali,5,Ward,Pali,Bali,5
Pali,Bali,6,Ward,Pali,Bali,6
Pali,Bali,7,Ward,Pali,Bali,7
Pali,Bali,8,Ward,Pali,Bali,8
Pali,Bali,9,Ward,Pali,Bali,9
Pali,Bali,10,Ward,Pali,Bali,10
Pali,Bali,11,Ward,Pali,Bali,11
Pali,Bali,12,Ward,Pali,Bali,12
Pali,Bali,13,Ward,Pali,Bali,13
Pali,Bali,14,Ward,Pali,Bali,14
Pali,Bali,15,Ward,Pali,Bali,15
Pali,Bali,16,Ward,Pali,Bali,16
Pali,Bali,17,Ward,Pali,Bali,17
Pali,Bali,18,Ward,Pali,Bali,18
Pali,Bali,19,Ward,Pali,Bali,19
Pali,Bali,20,Ward,Pali,Bali,20
Pali,Bali,1,Ward,Pali,Bali,1
Pali,Bali,2,Ward,Pali,Bali,2
Pali,Bali,3,Ward,Pali,Bali,3
Pali,Bali,4,Ward,Pali,Bali,4
Pali,Bali,5,Ward,Pali,Bali,5
Pali,Bali,6,Ward,Pali,Bali,6
Pali,Bali,7,Ward,Pali,Bali,7
Pali,Bali,8,Ward,Pali,Bali,8
Pali,Bali,9,Ward,Pali,Bali,9
Pali,Bali,10,Ward,Pali,Bali,10
Pali,Bali,11,Ward,Pali,Bali,11
Pali,Bali,12,Ward,Pali,Bali,12
Pali,Bali,13,Ward,Pali,Bali,13
Pali,Bali,14,Ward,Pali,Bali,14
Pali,Bali,15,Ward,Pali,Bali,15
Pali,Bali,16,Ward,Pali,Bali,16
Pali,Bali,17,Ward,Pali,Bali,17
Pali,Bali,18,Ward,Pali,Bali,18
Pali,Bali,19,Ward,Pali,Bali,19
Pali,Bali,20,Ward,Pali,Bali,20
Pali,Bali,21,Ward,Pali,Bali,21
Pali,Bali,22,Ward,Pali,Bali,22
Pali,Bali,23,Ward,Pali,Bali,23
Pali,Bali,24,Ward,Pali,Bali,24
Pali,Bali,25,Ward,Pali,Bali,25
Pali,Sumerpur,1,Ward,Pali,Sumerpur,1
Pali,Sumerpur,2,Ward,Pali,Sumerpur,2
Pali,Sumerpur,3,Ward,Pali,Sumerpur,3
Pali,Sumerpur,4,Ward,Pali,Sumerpur,4
Pali,Sumerpur,5,Ward,Pali,Sumerpur,5
Pali,Sumerpur,6,Ward,Pali,Sumerpur,6
Pali,Sumerpur,7,Ward,Pali,Sumerpur,7
Pali,Sumerpur,8,Ward,Pali,Sumerpur,8
Pali,Sumerpur,9,Ward,Pali,Sumerpur,9
Pali,Sumerpur,10,Ward,Pali,Sumerpur,10
Pali,Sumerpur,11,Ward,Pali,Sumerpur,11
Pali,Sumerpur,12,Ward,Pali,Sumerpur,12
Pali,Sumerpur,13,Ward,Pali,Sumerpur,13
Pali,Sumerpur,14,Ward,Pali,Sumerpur,14
Pali,Sumerpur,15,Ward,Pali,Sumerpur,15
Pali,Sumerpur,16,Ward,Pali,Sumerpur,16
Pali,Sumerpur,17,Ward,Pali,Sumerpur,17
Pali,Sumerpur,18,Ward,Pali,Sumerpur,18
Pali,Sumerpur,19,Ward,Pali,Sumerpur,19
Pali,Sumerpur,20,Ward,Pali,Sumerpur,20
Pali,Sumerpur,21,Ward,Pali,Sumerpur,21
Pali,Sumerpur,22,Ward,Pali,Sumerpur,22
Pali,Sumerpur,23,Ward,Pali,Sumerpur,23
Pali,Sumerpur,24,Ward,Pali,Sumerpur,24
Pali,Sumerpur,25,Ward,Pali,Sumerpur,25
Udaipur,Gogunda,AMBAVA,Gram Panchayat,Udaipur,Gogunda,Ambava
Udaipur,Gogunda,MADRA,Gram Panchayat,Udaipur,Gogunda,Madra
Udaipur,Gogunda,PADAWALI KHURD,Gram Panchayat,Udaipur,Gogunda,Padawali Khurd
Udaipur,Gogunda,PEEPLI KHERA,Gram Panchayat,Udaipur,Gogunda,Peepli Khera
Udaipur,Gogunda,SAMIJA,Gram Panchayat,Udaipur,Gogunda,Samija
Udaipur,Gogunda,TEJA KA WAS,Gram Panchayat,Udaipur,Gogunda,Teja Ka Was
Udaipur,Gogunda,VAS,Gram Panchayat,Udaipur,Gogunda,Vas
Udaipur,Kherwara,KANPUR,Gram Panchayat,Udaipur,Kherwara,Kanpur
Udaipur,Kherwara,PADERI,Gram Panchayat,Udaipur,Kherwara,Paderi
Udaipur,Kherwara,PAHADA,Gram Panchayat,Udaipur,Kherwara,Pahada
Udaipur,Kherwara,PANDYA WADA,Gram Panchayat,Udaipur,Kherwara,Pandya Wada
Udaipur,Kherwara,SAKLAL,Gram Panchayat,Udaipur,Kherwara,Saklal
Udaipur,Kherwara,THANA,Gram Panchayat,Udaipur,Kherwara,Thana
Udaipur,Kherwara,UGMANA KOTRA,Gram Panchayat,Udaipur,Kherwara,Ugmana Kotra
Udaipur,Kherwara,KALIGHATI,Gram Panchayat,Udaipur,Kherwara,Kalighati
Udaipur,Kherwara,BALICHA,Gram Panchayat,Udaipur,Kherwara,Balicha
Udaipur,Jhadol,SADA,Gram Panchayat,Udaipur,Jhadol,Sada
Ajmer,Kekri,SUNARIYA,Gram Panchayat,Ajmer,Kekri,Sunariya
Ajmer,Kekri,1,Ward,Ajmer,Kekri,1
Ajmer,Kekri,2,Ward,Ajmer,Kekri,2
Ajmer,Kekri,3,Ward,Ajmer,Kekri,3
Ajmer,Kekri,4,Ward,Ajmer,Kekri,4
Ajmer,Kekri,5,Ward,Ajmer,Kekri,5
Ajmer,Kekri,6,Ward,Ajmer,Kekri,6
Ajmer,Kekri,7,Ward,Ajmer,Kekri,7
Ajmer,Kekri,8,Ward,Ajmer,Kekri,8
Ajmer,Kekri,9,Ward,Ajmer,Kekri,9
Ajmer,Kekri,10,Ward,Ajmer,Kekri,10
Ajmer,Kekri,11,Ward,Ajmer,Kekri,11
Ajmer,Kekri,12,Ward,Ajmer,Kekri,12
Ajmer,Kekri,13,Ward,Ajmer,Kekri,13
Ajmer,Kekri,14,Ward,Ajmer,Kekri,14
Ajmer,Kekri,15,Ward,Ajmer,Kekri,15
Ajmer,Kekri,16,Ward,Ajmer,Kekri,16
Ajmer,Kekri,17,Ward,Ajmer,Kekri,17
Ajmer,Kekri,18,Ward,Ajmer,Kekri,18
Ajmer,Kekri,19,Ward,Ajmer,Kekri,19
Ajmer,Kekri,20,Ward,Ajmer,Kekri,20
Ajmer,Kekri,21,Ward,Ajmer,Kekri,21
Ajmer,Kekri,22,Ward,Ajmer,Kekri,22
Ajmer,Kekri,23,Ward,Ajmer,Kekri,23
Ajmer,Kekri,24,Ward,Ajmer,Kekri,24
Ajmer,Kekri,25,Ward,Ajmer,Kekri,25
Bikaner,Khajuwala,bhutto ka kuan,Gram Panchayat,Bikaner,Khajuwala,Bhutto Ka Kuan
Bikaner,Khajuwala,Hanumannagar,Gram Panchayat,Bikaner,Khajuwala,Hanumannagar
Bikaner,Khajuwala,1 KM,Gram Panchayat,Bikaner,Khajuwala,1 Km
Bikaner,Khajuwala,2 PB,Gram Panchayat,Bikaner,Khajuwala,2 Pb
Bikaner,Khajuwala,2ADM,Gram Panchayat,Bikaner,Khajuwala,2adm
Bikaner,Khajuwala,4 AWM,Gram Panchayat,Bikaner,Khajuwala,4 Awm
Bikaner,Khajuwala,40KYD,Gram Panchayat,Bikaner,Khajuwala,40kyd
Bikaner,Khajuwala,AAVA,Gram Panchayat,Bikaner,Khajuwala,Aava
Bikaner,Khajuwala,ADURI,Gram Panchayat,Bikaner,Khajuwala,Aduri
Bikaner,Khajuwala,bhutto ka kuan,Gram Panchayat,Bikaner,Khajuwala,Bhutto Ka Kuan
Bikaner,Khajuwala,DELITALAI,Gram Panchayat,Bikaner,Khajuwala,Delitalai
Bikaner,Khajuwala,Hanumannagar,Gram Panchayat,Bikaner,Khajuwala,Hanumannagar
Bikaner,Khajuwala,KANKRALA,Gram Panchayat,Bikaner,Khajuwala,Kankrala
Bikaner,Khajuwala,KHARWALI,Gram Panchayat,Bikaner,Khajuwala,Kharwali
Bikaner,Khajuwala,Krishan Nagar,Gram Panchayat,Bikaner,Khajuwala,Krishan Nagar
Bikaner,Khajuwala,KUMHARWALA,Gram Panchayat,Bikaner,Khajuwala,Kumharwala
Bikaner,Khajuwala,MAKERI,Gram Panchayat,Bikaner,Khajuwala,Makeri
Bikaner,Khajuwala,NAADA,Gram Panchayat,Bikaner,Khajuwala,Naada
Bikaner,Khajuwala,PAHALWAN KA BERA,Gram Panchayat,Bikaner,Khajuwala,Pahalwan Ka Bera
Bikaner,Khajuwala,RAMDA,Gram Panchayat,Bikaner,Khajuwala,Ramda
Bikaner,Khajuwala,sammewala,Gram Panchayat,Bikaner,Khajuwala,Sammewala
Bikaner,Khajuwala,SIYASAR PANCHKOSA,Gram Panchayat,Bikaner,Khajuwala,Siyasar Panchkosa
Bikaner,Lunkaransar,KHINYERA,Gram Panchayat,Bikaner,Lunkaransar,Khinyera